rank,feature,group,model_count,active_model_count,mean_selection_frequency,mean_abs_coefficient,mean_stability_abs_coefficient,mean_rank_score,best_rank,models
1,base__operator_density,code_visual_token,5,5,1.0,0.5739530695442372,0.5755846187466537,1.0,1,nomic-ai/nomic-embed-text-v1.5;Qwen/Qwen3-Embedding-0.6B;jinaai/jina-embeddings-v2-base-code;Snowflake/snowflake-arctic-embed-m-v2.0;voyageai/voyage-4-nano
2,base__byte_entropy,code_text,5,5,0.9899999999999999,0.2340272655388175,0.16165218879361193,0.29999999999999993,3,nomic-ai/nomic-embed-text-v1.5;Qwen/Qwen3-Embedding-0.6B;jinaai/jina-embeddings-v2-base-code;Snowflake/snowflake-arctic-embed-m-v2.0;voyageai/voyage-4-nano
3,base__type_literal_ratio,cognascore_type_inventory,5,5,0.9730000000000001,0.1819308075495596,0.11613453824774247,0.2519047619047619,2,nomic-ai/nomic-embed-text-v1.5;Qwen/Qwen3-Embedding-0.6B;jinaai/jina-embeddings-v2-base-code;Snowflake/snowflake-arctic-embed-m-v2.0;voyageai/voyage-4-nano
4,embedding__structural_core__auto_kmeans_selected_k,chunk_view_auto_kmeans,5,5,0.961,0.32103772954821086,0.29070169032258897,0.35079365079365077,2,nomic-ai/nomic-embed-text-v1.5;Qwen/Qwen3-Embedding-0.6B;jinaai/jina-embeddings-v2-base-code;Snowflake/snowflake-arctic-embed-m-v2.0;voyageai/voyage-4-nano
5,base__max_line_length,code_layout,5,5,0.9530000000000001,0.25213545910749735,0.17437487132547896,0.18722222222222223,3,nomic-ai/nomic-embed-text-v1.5;Qwen/Qwen3-Embedding-0.6B;jinaai/jina-embeddings-v2-base-code;Snowflake/snowflake-arctic-embed-m-v2.0;voyageai/voyage-4-nano
6,base__indent_transition_mean,code_visual_layout,5,5,0.917,0.1460304698776181,0.09612147959137521,0.12833333333333333,6,nomic-ai/nomic-embed-text-v1.5;Qwen/Qwen3-Embedding-0.6B;jinaai/jina-embeddings-v2-base-code;Snowflake/snowflake-arctic-embed-m-v2.0;voyageai/voyage-4-nano
7,embedding__only_identifier__embedding_first_pc_explained_variance,chunk_view_embedding,5,5,0.875,0.1663610363832757,0.1158205981006694,0.1096969696969697,6,nomic-ai/nomic-embed-text-v1.5;Qwen/Qwen3-Embedding-0.6B;jinaai/jina-embeddings-v2-base-code;Snowflake/snowflake-arctic-embed-m-v2.0;voyageai/voyage-4-nano
8,semantic__short_identifier_math_application_margin_mean,semantic_context_gate,5,5,0.8440000000000001,0.15600471038025832,0.10780648298872664,0.10871794871794871,5,nomic-ai/nomic-embed-text-v1.5;Qwen/Qwen3-Embedding-0.6B;jinaai/jina-embeddings-v2-base-code;Snowflake/snowflake-arctic-embed-m-v2.0;voyageai/voyage-4-nano
9,embedding__structural_core__optics_cluster_type_entropy_mean,chunk_view_optics,5,5,0.791,0.18668201596343242,0.1377573138772848,0.1604761904761905,3,nomic-ai/nomic-embed-text-v1.5;Qwen/Qwen3-Embedding-0.6B;jinaai/jina-embeddings-v2-base-code;Snowflake/snowflake-arctic-embed-m-v2.0;voyageai/voyage-4-nano
10,embedding__structural_core__embedding_first_pc_explained_variance,chunk_view_embedding,5,5,0.7809999999999999,0.10911184476768572,0.06991882827434395,0.09026398438163144,7,nomic-ai/nomic-embed-text-v1.5;Qwen/Qwen3-Embedding-0.6B;jinaai/jina-embeddings-v2-base-code;Snowflake/snowflake-arctic-embed-m-v2.0;voyageai/voyage-4-nano
11,base__type_call_ratio,cognascore_type_inventory,5,5,0.779,0.09818055973540431,0.06659149069098011,0.07409274935590725,11,nomic-ai/nomic-embed-text-v1.5;Qwen/Qwen3-Embedding-0.6B;jinaai/jina-embeddings-v2-base-code;Snowflake/snowflake-arctic-embed-m-v2.0;voyageai/voyage-4-nano
12,base__type_regex_ratio,cognascore_type_inventory,5,5,0.73,0.06404531210955412,0.047852933843222104,0.06726836888601595,13,nomic-ai/nomic-embed-text-v1.5;Qwen/Qwen3-Embedding-0.6B;jinaai/jina-embeddings-v2-base-code;Snowflake/snowflake-arctic-embed-m-v2.0;voyageai/voyage-4-nano
13,base__type_bitwise_ratio,cognascore_type_inventory,5,5,0.717,0.0940212963002535,0.09524919237795375,0.065515873015873,14,nomic-ai/nomic-embed-text-v1.5;Qwen/Qwen3-Embedding-0.6B;jinaai/jina-embeddings-v2-base-code;Snowflake/snowflake-arctic-embed-m-v2.0;voyageai/voyage-4-nano
14,embedding__structural_core__optics_noise_ratio,chunk_view_optics,5,5,0.6460000000000001,0.10031628680747091,0.09510520815744242,0.15485408299866132,2,nomic-ai/nomic-embed-text-v1.5;Qwen/Qwen3-Embedding-0.6B;jinaai/jina-embeddings-v2-base-code;Snowflake/snowflake-arctic-embed-m-v2.0;voyageai/voyage-4-nano
15,base__unique_lexeme_ratio,cognascore_chunk,5,5,0.634,0.08269723100848167,0.05178803146494606,0.059298701298701295,12,nomic-ai/nomic-embed-text-v1.5;Qwen/Qwen3-Embedding-0.6B;jinaai/jina-embeddings-v2-base-code;Snowflake/snowflake-arctic-embed-m-v2.0;voyageai/voyage-4-nano
16,embedding__structural_core__auto_agglo_cluster_type_entropy_mean,chunk_view_auto_agglo,5,5,0.603,0.11644905722962562,0.09529995602738472,0.09087865870986075,4,nomic-ai/nomic-embed-text-v1.5;Qwen/Qwen3-Embedding-0.6B;jinaai/jina-embeddings-v2-base-code;Snowflake/snowflake-arctic-embed-m-v2.0;voyageai/voyage-4-nano
17,semantic__short_identifier_candidate_ratio,semantic_context_gate,5,5,0.597,0.07304932868802404,0.062343164757384106,0.04867981975398855,17,nomic-ai/nomic-embed-text-v1.5;Qwen/Qwen3-Embedding-0.6B;jinaai/jina-embeddings-v2-base-code;Snowflake/snowflake-arctic-embed-m-v2.0;voyageai/voyage-4-nano
18,base__identifier_length_cv,cognascore_identifier_quality,5,5,0.5940000000000001,0.0751230203586947,0.05011118913480746,0.04786013986013986,13,nomic-ai/nomic-embed-text-v1.5;Qwen/Qwen3-Embedding-0.6B;jinaai/jina-embeddings-v2-base-code;Snowflake/snowflake-arctic-embed-m-v2.0;voyageai/voyage-4-nano
19,base__identifier_max_length,cognascore_identifier_quality,5,5,0.5930000000000001,0.05906590236790543,0.03918999938925508,0.050497076023391804,18,nomic-ai/nomic-embed-text-v1.5;Qwen/Qwen3-Embedding-0.6B;jinaai/jina-embeddings-v2-base-code;Snowflake/snowflake-arctic-embed-m-v2.0;voyageai/voyage-4-nano
20,base__operator_character_density,code_lexical_density,5,5,0.48599999999999993,0.05919329734701799,0.04605898054947779,0.0392512077294686,20,nomic-ai/nomic-embed-text-v1.5;Qwen/Qwen3-Embedding-0.6B;jinaai/jina-embeddings-v2-base-code;Snowflake/snowflake-arctic-embed-m-v2.0;voyageai/voyage-4-nano
21,base__comparison_operator_density,code_lexical_density,5,5,0.4720000000000001,0.03617457240846065,0.037441908580375514,0.03838282983444273,21,nomic-ai/nomic-embed-text-v1.5;Qwen/Qwen3-Embedding-0.6B;jinaai/jina-embeddings-v2-base-code;Snowflake/snowflake-arctic-embed-m-v2.0;voyageai/voyage-4-nano
22,embedding__only_identifier__optics_cluster_diameter_max,chunk_view_optics,5,5,0.462,0.03710471323151165,0.03194893200710609,0.04051693404634581,15,nomic-ai/nomic-embed-text-v1.5;Qwen/Qwen3-Embedding-0.6B;jinaai/jina-embeddings-v2-base-code;Snowflake/snowflake-arctic-embed-m-v2.0;voyageai/voyage-4-nano
23,embedding__semantic_core__optics_noise_ratio,chunk_view_optics,5,5,0.425,0.0710363184702415,0.045489223034293355,0.06193073593073593,5,nomic-ai/nomic-embed-text-v1.5;Qwen/Qwen3-Embedding-0.6B;jinaai/jina-embeddings-v2-base-code;Snowflake/snowflake-arctic-embed-m-v2.0;voyageai/voyage-4-nano
24,embedding__semantic_core__auto_kmeans_selected_k,chunk_view_auto_kmeans,5,5,0.42400000000000004,0.04402902548534193,0.03529396340870346,0.04000083250083251,10,nomic-ai/nomic-embed-text-v1.5;Qwen/Qwen3-Embedding-0.6B;jinaai/jina-embeddings-v2-base-code;Snowflake/snowflake-arctic-embed-m-v2.0;voyageai/voyage-4-nano
25,base__visual_comma_density,code_visual_token,5,5,0.40499999999999997,0.06692164524211701,0.02514916038657396,0.03324563283678063,24,nomic-ai/nomic-embed-text-v1.5;Qwen/Qwen3-Embedding-0.6B;jinaai/jina-embeddings-v2-base-code;Snowflake/snowflake-arctic-embed-m-v2.0;voyageai/voyage-4-nano
26,embedding__only_identifier__auto_kmeans_silhouette,chunk_view_auto_kmeans,5,5,0.382,0.03700741369781129,0.026667395486662693,0.03172364441272004,17,nomic-ai/nomic-embed-text-v1.5;Qwen/Qwen3-Embedding-0.6B;jinaai/jina-embeddings-v2-base-code;Snowflake/snowflake-arctic-embed-m-v2.0;voyageai/voyage-4-nano
27,compression__lzma_block5_ratio_mean,code_compression,5,5,0.38100000000000006,0.019856485020309594,0.019895959996712672,0.030299504417151474,26,nomic-ai/nomic-embed-text-v1.5;Qwen/Qwen3-Embedding-0.6B;jinaai/jina-embeddings-v2-base-code;Snowflake/snowflake-arctic-embed-m-v2.0;voyageai/voyage-4-nano
28,embedding__semantic_core__hdbscan_noise_ratio,chunk_view_hdbscan,5,5,0.371,0.04934664175069843,0.03242886453013501,0.03176457585686795,16,nomic-ai/nomic-embed-text-v1.5;Qwen/Qwen3-Embedding-0.6B;jinaai/jina-embeddings-v2-base-code;Snowflake/snowflake-arctic-embed-m-v2.0;voyageai/voyage-4-nano
29,embedding__semantic_core__hdbscan_cluster_type_entropy_mean,chunk_view_hdbscan,5,5,0.37,0.05777370948763422,0.03598443426547783,0.044889114716700915,7,nomic-ai/nomic-embed-text-v1.5;Qwen/Qwen3-Embedding-0.6B;jinaai/jina-embeddings-v2-base-code;Snowflake/snowflake-arctic-embed-m-v2.0;voyageai/voyage-4-nano
30,embedding__all__optics_cluster_size_cv,chunk_view_optics,5,5,0.36,0.029984046717455276,0.02838178924630886,0.03283551527015913,16,nomic-ai/nomic-embed-text-v1.5;Qwen/Qwen3-Embedding-0.6B;jinaai/jina-embeddings-v2-base-code;Snowflake/snowflake-arctic-embed-m-v2.0;voyageai/voyage-4-nano
31,embedding__structural_core__embedding_effective_rank,chunk_view_embedding,5,5,0.357,0.05850848635698134,0.03214621173376471,0.028385848452080576,28,nomic-ai/nomic-embed-text-v1.5;Qwen/Qwen3-Embedding-0.6B;jinaai/jina-embeddings-v2-base-code;Snowflake/snowflake-arctic-embed-m-v2.0;voyageai/voyage-4-nano
32,embedding__all__optics_cluster_type_entropy_mean,chunk_view_optics,5,5,0.354,0.058105963448892316,0.03810332392063859,0.056356628121334004,5,nomic-ai/nomic-embed-text-v1.5;Qwen/Qwen3-Embedding-0.6B;jinaai/jina-embeddings-v2-base-code;Snowflake/snowflake-arctic-embed-m-v2.0;voyageai/voyage-4-nano
33,embedding__only_identifier__auto_kmeans_cluster_size_cv,chunk_view_auto_kmeans,5,5,0.347,0.04733353575855629,0.01996516969040567,0.02852770855444652,17,nomic-ai/nomic-embed-text-v1.5;Qwen/Qwen3-Embedding-0.6B;jinaai/jina-embeddings-v2-base-code;Snowflake/snowflake-arctic-embed-m-v2.0;voyageai/voyage-4-nano
34,embedding__all__hdbscan_cluster_size_cv,chunk_view_hdbscan,5,5,0.3390000000000001,0.05123979950490622,0.040767476438405274,0.03711720043241782,9,nomic-ai/nomic-embed-text-v1.5;Qwen/Qwen3-Embedding-0.6B;jinaai/jina-embeddings-v2-base-code;Snowflake/snowflake-arctic-embed-m-v2.0;voyageai/voyage-4-nano
35,base__type_unused_import_count,cognascore_type_inventory,5,5,0.32,0.02099117012786963,0.025159023035659867,0.025260897794915766,35,nomic-ai/nomic-embed-text-v1.5;Qwen/Qwen3-Embedding-0.6B;jinaai/jina-embeddings-v2-base-code;Snowflake/snowflake-arctic-embed-m-v2.0;voyageai/voyage-4-nano
36,base__std_line_length,code_layout,5,5,0.317,0.0,0.027876084944740677,0.02738393830324782,26,nomic-ai/nomic-embed-text-v1.5;Qwen/Qwen3-Embedding-0.6B;jinaai/jina-embeddings-v2-base-code;Snowflake/snowflake-arctic-embed-m-v2.0;voyageai/voyage-4-nano
37,base__chunk_chars_cv,cognascore_chunk,5,5,0.31100000000000005,0.0,0.01203566442748543,0.025841638981173864,28,nomic-ai/nomic-embed-text-v1.5;Qwen/Qwen3-Embedding-0.6B;jinaai/jina-embeddings-v2-base-code;Snowflake/snowflake-arctic-embed-m-v2.0;voyageai/voyage-4-nano
38,embedding__all__auto_agglo_largest_cluster_ratio,chunk_view_auto_agglo,5,5,0.304,0.015473964268127124,0.01798141008159216,0.024503214252258803,22,nomic-ai/nomic-embed-text-v1.5;Qwen/Qwen3-Embedding-0.6B;jinaai/jina-embeddings-v2-base-code;Snowflake/snowflake-arctic-embed-m-v2.0;voyageai/voyage-4-nano
39,base__visual_keyword_density,code_visual_token,5,5,0.3,0.043566264613038946,0.014299603365651819,0.025539408866995073,29,nomic-ai/nomic-embed-text-v1.5;Qwen/Qwen3-Embedding-0.6B;jinaai/jina-embeddings-v2-base-code;Snowflake/snowflake-arctic-embed-m-v2.0;voyageai/voyage-4-nano
40,base__long_line_ratio_100,code_visual_layout,5,5,0.293,0.02569542799210763,0.020761538031655213,0.025050105289235725,27,nomic-ai/nomic-embed-text-v1.5;Qwen/Qwen3-Embedding-0.6B;jinaai/jina-embeddings-v2-base-code;Snowflake/snowflake-arctic-embed-m-v2.0;voyageai/voyage-4-nano
41,embedding__all__auto_kmeans_cluster_size_cv,chunk_view_auto_kmeans,5,5,0.2839999999999999,0.025937965049286693,0.020065034580443824,0.029576839345373612,12,nomic-ai/nomic-embed-text-v1.5;Qwen/Qwen3-Embedding-0.6B;jinaai/jina-embeddings-v2-base-code;Snowflake/snowflake-arctic-embed-m-v2.0;voyageai/voyage-4-nano
42,embedding__semantic_core__auto_agglo_largest_cluster_ratio,chunk_view_auto_agglo,5,5,0.277,0.013276538506303831,0.013982058399278057,0.023484683214689654,26,nomic-ai/nomic-embed-text-v1.5;Qwen/Qwen3-Embedding-0.6B;jinaai/jina-embeddings-v2-base-code;Snowflake/snowflake-arctic-embed-m-v2.0;voyageai/voyage-4-nano
43,base__type_logical_ratio,cognascore_type_inventory,5,5,0.269,0.0,0.012186813664287088,0.02150503290747193,41,nomic-ai/nomic-embed-text-v1.5;Qwen/Qwen3-Embedding-0.6B;jinaai/jina-embeddings-v2-base-code;Snowflake/snowflake-arctic-embed-m-v2.0;voyageai/voyage-4-nano
44,embedding__all__hdbscan_cluster_type_entropy_mean,chunk_view_hdbscan,5,5,0.268,0.028009566151815286,0.0249236528691076,0.03529360759257826,8,nomic-ai/nomic-embed-text-v1.5;Qwen/Qwen3-Embedding-0.6B;jinaai/jina-embeddings-v2-base-code;Snowflake/snowflake-arctic-embed-m-v2.0;voyageai/voyage-4-nano
45,base__visual_keyword_area_ratio,code_visual_area,5,5,0.262,0.0,0.013709137409143179,0.021904226606325163,37,nomic-ai/nomic-embed-text-v1.5;Qwen/Qwen3-Embedding-0.6B;jinaai/jina-embeddings-v2-base-code;Snowflake/snowflake-arctic-embed-m-v2.0;voyageai/voyage-4-nano
46,embedding__only_identifier__auto_agglo_largest_cluster_ratio,chunk_view_auto_agglo,5,5,0.259,0.011813480317670221,0.014429579177714504,0.022732170547872205,29,nomic-ai/nomic-embed-text-v1.5;Qwen/Qwen3-Embedding-0.6B;jinaai/jina-embeddings-v2-base-code;Snowflake/snowflake-arctic-embed-m-v2.0;voyageai/voyage-4-nano
47,base__identifier_digit_char_ratio,cognascore_identifier_quality,5,5,0.259,0.0,0.00895137472106717,0.022219398958529396,33,nomic-ai/nomic-embed-text-v1.5;Qwen/Qwen3-Embedding-0.6B;jinaai/jina-embeddings-v2-base-code;Snowflake/snowflake-arctic-embed-m-v2.0;voyageai/voyage-4-nano
48,embedding__structural_core__auto_kmeans_silhouette,chunk_view_auto_kmeans,5,5,0.24800000000000005,0.026486464377746294,0.023824540522781067,0.022238034998945815,20,nomic-ai/nomic-embed-text-v1.5;Qwen/Qwen3-Embedding-0.6B;jinaai/jina-embeddings-v2-base-code;Snowflake/snowflake-arctic-embed-m-v2.0;voyageai/voyage-4-nano
49,base__visual_period_dft_energy,code_visual_dft,5,5,0.24299999999999997,0.0,0.012358807005642784,0.020244800950683307,44,nomic-ai/nomic-embed-text-v1.5;Qwen/Qwen3-Embedding-0.6B;jinaai/jina-embeddings-v2-base-code;Snowflake/snowflake-arctic-embed-m-v2.0;voyageai/voyage-4-nano
50,embedding__semantic_core__optics_cluster_type_entropy_mean,chunk_view_optics,5,5,0.23399999999999999,0.009235182194110594,0.013897518845901787,0.023564657788380988,19,nomic-ai/nomic-embed-text-v1.5;Qwen/Qwen3-Embedding-0.6B;jinaai/jina-embeddings-v2-base-code;Snowflake/snowflake-arctic-embed-m-v2.0;voyageai/voyage-4-nano
51,embedding__semantic_core__optics_cluster_diameter_max,chunk_view_optics,5,5,0.23199999999999998,0.0015206718895620752,0.011773792618714765,0.019198324444226082,42,nomic-ai/nomic-embed-text-v1.5;Qwen/Qwen3-Embedding-0.6B;jinaai/jina-embeddings-v2-base-code;Snowflake/snowflake-arctic-embed-m-v2.0;voyageai/voyage-4-nano
52,embedding__semantic_core__optics_cluster_size_cv,chunk_view_optics,5,5,0.227,0.00018610734311712897,0.014208609285888161,0.02010513106639362,34,nomic-ai/nomic-embed-text-v1.5;Qwen/Qwen3-Embedding-0.6B;jinaai/jina-embeddings-v2-base-code;Snowflake/snowflake-arctic-embed-m-v2.0;voyageai/voyage-4-nano
53,embedding__structural_core__auto_kmeans_cluster_size_cv,chunk_view_auto_kmeans,5,5,0.221,0.0065383480224469655,0.01996243619379642,0.022777856108886507,16,nomic-ai/nomic-embed-text-v1.5;Qwen/Qwen3-Embedding-0.6B;jinaai/jina-embeddings-v2-base-code;Snowflake/snowflake-arctic-embed-m-v2.0;voyageai/voyage-4-nano
54,embedding__only_identifier__optics_noise_ratio,chunk_view_optics,5,5,0.22000000000000003,0.024490001198448522,0.010668919707395735,0.019097663643811623,30,nomic-ai/nomic-embed-text-v1.5;Qwen/Qwen3-Embedding-0.6B;jinaai/jina-embeddings-v2-base-code;Snowflake/snowflake-arctic-embed-m-v2.0;voyageai/voyage-4-nano
55,base__type_comparison_ratio,cognascore_type_inventory,5,5,0.22000000000000003,0.0,0.01602031559997717,0.019268753989957216,44,nomic-ai/nomic-embed-text-v1.5;Qwen/Qwen3-Embedding-0.6B;jinaai/jina-embeddings-v2-base-code;Snowflake/snowflake-arctic-embed-m-v2.0;voyageai/voyage-4-nano
56,embedding__structural_core__auto_kmeans_cluster_diameter_max,chunk_view_auto_kmeans,5,5,0.217,0.0041575858609019765,0.015560756228497244,0.019353463196681013,32,nomic-ai/nomic-embed-text-v1.5;Qwen/Qwen3-Embedding-0.6B;jinaai/jina-embeddings-v2-base-code;Snowflake/snowflake-arctic-embed-m-v2.0;voyageai/voyage-4-nano
57,embedding__structural_core__auto_kmeans_largest_cluster_ratio,chunk_view_auto_kmeans,5,5,0.207,0.026518306686504307,0.017385421367337738,0.018931761363538198,27,nomic-ai/nomic-embed-text-v1.5;Qwen/Qwen3-Embedding-0.6B;jinaai/jina-embeddings-v2-base-code;Snowflake/snowflake-arctic-embed-m-v2.0;voyageai/voyage-4-nano
58,embedding__all__auto_kmeans_largest_cluster_ratio,chunk_view_auto_kmeans,5,5,0.202,0.010807320043864022,0.009795106422061748,0.020092753878769562,23,nomic-ai/nomic-embed-text-v1.5;Qwen/Qwen3-Embedding-0.6B;jinaai/jina-embeddings-v2-base-code;Snowflake/snowflake-arctic-embed-m-v2.0;voyageai/voyage-4-nano
59,embedding__comment_code_similarity_min,comment_code_relevance,5,5,0.199,0.016421435068764458,0.012191640779016383,0.02375338730591337,13,nomic-ai/nomic-embed-text-v1.5;Qwen/Qwen3-Embedding-0.6B;jinaai/jina-embeddings-v2-base-code;Snowflake/snowflake-arctic-embed-m-v2.0;voyageai/voyage-4-nano
60,embedding__all__embedding_pairwise_cosine_std,chunk_view_embedding,5,5,0.193,0.024079877659086608,0.009961985558277675,0.017084008428546245,34,nomic-ai/nomic-embed-text-v1.5;Qwen/Qwen3-Embedding-0.6B;jinaai/jina-embeddings-v2-base-code;Snowflake/snowflake-arctic-embed-m-v2.0;voyageai/voyage-4-nano
61,embedding__structural_core__hdbscan_cluster_type_entropy_mean,chunk_view_hdbscan,5,5,0.188,0.0018560579406548526,0.01385837147763149,0.016857534620595332,39,nomic-ai/nomic-embed-text-v1.5;Qwen/Qwen3-Embedding-0.6B;jinaai/jina-embeddings-v2-base-code;Snowflake/snowflake-arctic-embed-m-v2.0;voyageai/voyage-4-nano
62,base__scalabrino_comment_identifier_word_coverage,scalabrino_commented_words,5,5,0.186,0.002418780390549385,0.008674446848811659,0.016592547284877496,49,nomic-ai/nomic-embed-text-v1.5;Qwen/Qwen3-Embedding-0.6B;jinaai/jina-embeddings-v2-base-code;Snowflake/snowflake-arctic-embed-m-v2.0;voyageai/voyage-4-nano
63,base__long_line_ratio_80,code_visual_layout,5,5,0.184,0.0,0.009018028883033128,0.017617160624236097,45,nomic-ai/nomic-embed-text-v1.5;Qwen/Qwen3-Embedding-0.6B;jinaai/jina-embeddings-v2-base-code;Snowflake/snowflake-arctic-embed-m-v2.0;voyageai/voyage-4-nano
64,embedding__all__optics_noise_ratio,chunk_view_optics,5,5,0.179,0.0012031384783244704,0.00932599984231985,0.018114080829598072,32,nomic-ai/nomic-embed-text-v1.5;Qwen/Qwen3-Embedding-0.6B;jinaai/jina-embeddings-v2-base-code;Snowflake/snowflake-arctic-embed-m-v2.0;voyageai/voyage-4-nano
65,base__identifier_single_letter_ratio,cognascore_identifier_quality,5,5,0.179,0.0,0.011059133540434604,0.016751286819198533,57,nomic-ai/nomic-embed-text-v1.5;Qwen/Qwen3-Embedding-0.6B;jinaai/jina-embeddings-v2-base-code;Snowflake/snowflake-arctic-embed-m-v2.0;voyageai/voyage-4-nano
66,embedding__comment_code_similarity_mean,comment_code_relevance,5,5,0.176,0.00903923752307824,0.008595222040278813,0.017647201272312778,32,nomic-ai/nomic-embed-text-v1.5;Qwen/Qwen3-Embedding-0.6B;jinaai/jina-embeddings-v2-base-code;Snowflake/snowflake-arctic-embed-m-v2.0;voyageai/voyage-4-nano
67,base__scalabrino_visual_parenthesis_density,scalabrino_buse_weimer,5,5,0.175,0.0,0.013649771176577914,0.017520224537739784,43,nomic-ai/nomic-embed-text-v1.5;Qwen/Qwen3-Embedding-0.6B;jinaai/jina-embeddings-v2-base-code;Snowflake/snowflake-arctic-embed-m-v2.0;voyageai/voyage-4-nano
68,embedding__semantic_core__auto_kmeans_cluster_diameter_max,chunk_view_auto_kmeans,5,5,0.173,0.021217843486712965,0.015526353652852163,0.017801102535615808,21,nomic-ai/nomic-embed-text-v1.5;Qwen/Qwen3-Embedding-0.6B;jinaai/jina-embeddings-v2-base-code;Snowflake/snowflake-arctic-embed-m-v2.0;voyageai/voyage-4-nano
69,base__identifier_subtoken_count_mean,cognascore_identifier_quality,5,5,0.168,0.0,0.00722929496456047,0.016135209447121133,58,nomic-ai/nomic-embed-text-v1.5;Qwen/Qwen3-Embedding-0.6B;jinaai/jina-embeddings-v2-base-code;Snowflake/snowflake-arctic-embed-m-v2.0;voyageai/voyage-4-nano
70,embedding__structural_core__hdbscan_largest_cluster_ratio,chunk_view_hdbscan,5,5,0.156,0.0,0.005564023867818646,0.016092152673035025,51,nomic-ai/nomic-embed-text-v1.5;Qwen/Qwen3-Embedding-0.6B;jinaai/jina-embeddings-v2-base-code;Snowflake/snowflake-arctic-embed-m-v2.0;voyageai/voyage-4-nano
71,embedding__all__optics_cluster_diameter_max,chunk_view_optics,5,5,0.15499999999999997,0.003391240471018811,0.00556557301209621,0.01606866728230543,41,nomic-ai/nomic-embed-text-v1.5;Qwen/Qwen3-Embedding-0.6B;jinaai/jina-embeddings-v2-base-code;Snowflake/snowflake-arctic-embed-m-v2.0;voyageai/voyage-4-nano
72,base__log_max_chunk_chars,cognascore_chunk,5,5,0.148,0.0,0.007444199295634346,0.01496498860005697,57,nomic-ai/nomic-embed-text-v1.5;Qwen/Qwen3-Embedding-0.6B;jinaai/jina-embeddings-v2-base-code;Snowflake/snowflake-arctic-embed-m-v2.0;voyageai/voyage-4-nano
73,base__indent_transition_max,code_visual_layout,5,5,0.148,0.0,0.00532942572996794,0.014570356316544218,54,nomic-ai/nomic-embed-text-v1.5;Qwen/Qwen3-Embedding-0.6B;jinaai/jina-embeddings-v2-base-code;Snowflake/snowflake-arctic-embed-m-v2.0;voyageai/voyage-4-nano
74,base__type_import_ratio,cognascore_type_inventory,5,5,0.137,0.0,0.0065745651031741655,0.015265427618777149,55,nomic-ai/nomic-embed-text-v1.5;Qwen/Qwen3-Embedding-0.6B;jinaai/jina-embeddings-v2-base-code;Snowflake/snowflake-arctic-embed-m-v2.0;voyageai/voyage-4-nano
75,compression__cross_line_redundancy_lzma,code_compression,5,5,0.132,0.005844460751875269,0.005053418235311457,0.014356039752885404,52,nomic-ai/nomic-embed-text-v1.5;Qwen/Qwen3-Embedding-0.6B;jinaai/jina-embeddings-v2-base-code;Snowflake/snowflake-arctic-embed-m-v2.0;voyageai/voyage-4-nano
76,embedding__only_identifier__optics_reachability_mean,chunk_view_optics,5,5,0.13099999999999998,0.0,0.006272955224682306,0.014221799705670677,52,nomic-ai/nomic-embed-text-v1.5;Qwen/Qwen3-Embedding-0.6B;jinaai/jina-embeddings-v2-base-code;Snowflake/snowflake-arctic-embed-m-v2.0;voyageai/voyage-4-nano
77,embedding__only_identifier__auto_agglo_cluster_count,chunk_view_auto_agglo,5,5,0.13000000000000003,0.04363003396004618,0.0054393775314697254,0.014695515650695956,36,nomic-ai/nomic-embed-text-v1.5;Qwen/Qwen3-Embedding-0.6B;jinaai/jina-embeddings-v2-base-code;Snowflake/snowflake-arctic-embed-m-v2.0;voyageai/voyage-4-nano
78,embedding__only_identifier__auto_kmeans_largest_cluster_ratio,chunk_view_auto_kmeans,5,5,0.129,0.0,0.0052403853758735686,0.013636872861564758,52,nomic-ai/nomic-embed-text-v1.5;Qwen/Qwen3-Embedding-0.6B;jinaai/jina-embeddings-v2-base-code;Snowflake/snowflake-arctic-embed-m-v2.0;voyageai/voyage-4-nano
79,embedding__all__hdbscan_cluster_diameter_max,chunk_view_hdbscan,5,5,0.127,0.01825332933735094,0.010055596073026205,0.01736462965331318,18,nomic-ai/nomic-embed-text-v1.5;Qwen/Qwen3-Embedding-0.6B;jinaai/jina-embeddings-v2-base-code;Snowflake/snowflake-arctic-embed-m-v2.0;voyageai/voyage-4-nano
80,embedding__structural_core__auto_agglo_cluster_count,chunk_view_auto_agglo,5,5,0.124,0.0,0.010695206652643566,0.014548211499431012,40,nomic-ai/nomic-embed-text-v1.5;Qwen/Qwen3-Embedding-0.6B;jinaai/jina-embeddings-v2-base-code;Snowflake/snowflake-arctic-embed-m-v2.0;voyageai/voyage-4-nano
81,embedding__all__auto_kmeans_selected_k,chunk_view_auto_kmeans,5,5,0.11900000000000002,0.0,0.005620661900550583,0.01362249419152035,47,nomic-ai/nomic-embed-text-v1.5;Qwen/Qwen3-Embedding-0.6B;jinaai/jina-embeddings-v2-base-code;Snowflake/snowflake-arctic-embed-m-v2.0;voyageai/voyage-4-nano
82,embedding__semantic_core__auto_kmeans_largest_cluster_ratio,chunk_view_auto_kmeans,5,5,0.11499999999999999,0.0,0.004842552205059081,0.012931190739040536,62,nomic-ai/nomic-embed-text-v1.5;Qwen/Qwen3-Embedding-0.6B;jinaai/jina-embeddings-v2-base-code;Snowflake/snowflake-arctic-embed-m-v2.0;voyageai/voyage-4-nano
83,embedding__all__hdbscan_largest_cluster_ratio,chunk_view_hdbscan,5,5,0.11200000000000002,0.0,0.007696543073685322,0.014105026429590153,31,nomic-ai/nomic-embed-text-v1.5;Qwen/Qwen3-Embedding-0.6B;jinaai/jina-embeddings-v2-base-code;Snowflake/snowflake-arctic-embed-m-v2.0;voyageai/voyage-4-nano
84,base__chunk_tokens_cv,cognascore_chunk,5,5,0.11100000000000002,0.0,0.0035821860864457974,0.0133057539934776,64,nomic-ai/nomic-embed-text-v1.5;Qwen/Qwen3-Embedding-0.6B;jinaai/jina-embeddings-v2-base-code;Snowflake/snowflake-arctic-embed-m-v2.0;voyageai/voyage-4-nano
85,base__member_access_chain_depth_mean,cognascore_member_access,5,5,0.10899999999999999,0.0,0.0030334580189082835,0.01320356216368554,65,nomic-ai/nomic-embed-text-v1.5;Qwen/Qwen3-Embedding-0.6B;jinaai/jina-embeddings-v2-base-code;Snowflake/snowflake-arctic-embed-m-v2.0;voyageai/voyage-4-nano
86,embedding__only_identifier__embedding_pairwise_cosine_std,chunk_view_embedding,5,5,0.10599999999999998,0.0066870152266216955,0.004921658986820528,0.014504142423121336,33,nomic-ai/nomic-embed-text-v1.5;Qwen/Qwen3-Embedding-0.6B;jinaai/jina-embeddings-v2-base-code;Snowflake/snowflake-arctic-embed-m-v2.0;voyageai/voyage-4-nano
87,embedding__all__auto_kmeans_silhouette,chunk_view_auto_kmeans,5,5,0.10500000000000001,0.0,0.006542989883011751,0.014377170017266733,29,nomic-ai/nomic-embed-text-v1.5;Qwen/Qwen3-Embedding-0.6B;jinaai/jina-embeddings-v2-base-code;Snowflake/snowflake-arctic-embed-m-v2.0;voyageai/voyage-4-nano
88,embedding__semantic_core__auto_agglo_cluster_size_cv,chunk_view_auto_agglo,5,5,0.10200000000000001,0.0,0.006472214881768365,0.014470078564981961,28,nomic-ai/nomic-embed-text-v1.5;Qwen/Qwen3-Embedding-0.6B;jinaai/jina-embeddings-v2-base-code;Snowflake/snowflake-arctic-embed-m-v2.0;voyageai/voyage-4-nano
89,base__type_control_flow_ratio,cognascore_type_inventory,5,5,0.095,0.0,0.0027962995706865674,0.012426715199610668,69,nomic-ai/nomic-embed-text-v1.5;Qwen/Qwen3-Embedding-0.6B;jinaai/jina-embeddings-v2-base-code;Snowflake/snowflake-arctic-embed-m-v2.0;voyageai/voyage-4-nano
90,base__scalabrino_visual_comparison_dft_energy,scalabrino_dorn,5,5,0.082,0.0,0.003539033013628714,0.011830790593652664,77,nomic-ai/nomic-embed-text-v1.5;Qwen/Qwen3-Embedding-0.6B;jinaai/jina-embeddings-v2-base-code;Snowflake/snowflake-arctic-embed-m-v2.0;voyageai/voyage-4-nano
91,compression__zlib_line_ratio_std,code_compression,5,5,0.07999999999999999,0.0,0.0029461683506674485,0.01185547874596367,68,nomic-ai/nomic-embed-text-v1.5;Qwen/Qwen3-Embedding-0.6B;jinaai/jina-embeddings-v2-base-code;Snowflake/snowflake-arctic-embed-m-v2.0;voyageai/voyage-4-nano
92,base__scalabrino_text_coherence_max,scalabrino_text_coherence,5,5,0.077,0.0,0.0024983715193183337,0.01161529912789711,76,nomic-ai/nomic-embed-text-v1.5;Qwen/Qwen3-Embedding-0.6B;jinaai/jina-embeddings-v2-base-code;Snowflake/snowflake-arctic-embed-m-v2.0;voyageai/voyage-4-nano
93,embedding__semantic_core__embedding_pairwise_cosine_std,chunk_view_embedding,5,5,0.07400000000000001,0.0,0.0031377715203285764,0.01130162704985463,55,nomic-ai/nomic-embed-text-v1.5;Qwen/Qwen3-Embedding-0.6B;jinaai/jina-embeddings-v2-base-code;Snowflake/snowflake-arctic-embed-m-v2.0;voyageai/voyage-4-nano
94,embedding__irrelevant_comment_ratio,comment_code_relevance,5,5,0.071,0.0,0.0027103102399242333,0.012027350177449745,42,nomic-ai/nomic-embed-text-v1.5;Qwen/Qwen3-Embedding-0.6B;jinaai/jina-embeddings-v2-base-code;Snowflake/snowflake-arctic-embed-m-v2.0;voyageai/voyage-4-nano
95,embedding__structural_core__optics_reachability_mean,chunk_view_optics,5,5,0.06899999999999999,0.0,0.0029292296855673765,0.010968570506741616,66,nomic-ai/nomic-embed-text-v1.5;Qwen/Qwen3-Embedding-0.6B;jinaai/jina-embeddings-v2-base-code;Snowflake/snowflake-arctic-embed-m-v2.0;voyageai/voyage-4-nano
96,embedding__semantic_core__auto_agglo_cluster_type_entropy_mean,chunk_view_auto_agglo,5,5,0.06400000000000002,0.0,0.002130286906053326,0.010557082282253516,73,nomic-ai/nomic-embed-text-v1.5;Qwen/Qwen3-Embedding-0.6B;jinaai/jina-embeddings-v2-base-code;Snowflake/snowflake-arctic-embed-m-v2.0;voyageai/voyage-4-nano
97,base__type_unused_import_ratio,cognascore_type_inventory,5,5,0.064,0.0,0.0048404487995553315,0.010893132318749745,85,nomic-ai/nomic-embed-text-v1.5;Qwen/Qwen3-Embedding-0.6B;jinaai/jina-embeddings-v2-base-code;Snowflake/snowflake-arctic-embed-m-v2.0;voyageai/voyage-4-nano
98,embedding__structural_core__embedding_pairwise_cosine_std,chunk_view_embedding,5,5,0.062,0.0,0.005303943253640138,0.01052613502705246,60,nomic-ai/nomic-embed-text-v1.5;Qwen/Qwen3-Embedding-0.6B;jinaai/jina-embeddings-v2-base-code;Snowflake/snowflake-arctic-embed-m-v2.0;voyageai/voyage-4-nano
99,base__visual_keyword_identifier_area_ratio,code_visual_area,5,5,0.06000000000000001,0.0,0.0026730535481930455,0.010739718370709157,83,nomic-ai/nomic-embed-text-v1.5;Qwen/Qwen3-Embedding-0.6B;jinaai/jina-embeddings-v2-base-code;Snowflake/snowflake-arctic-embed-m-v2.0;voyageai/voyage-4-nano
100,base__type_arithmetic_ratio,cognascore_type_inventory,5,5,0.05900000000000001,0.0,0.0008028354087357843,0.010431097291197174,82,nomic-ai/nomic-embed-text-v1.5;Qwen/Qwen3-Embedding-0.6B;jinaai/jina-embeddings-v2-base-code;Snowflake/snowflake-arctic-embed-m-v2.0;voyageai/voyage-4-nano
101,base__visual_identifier_dft_energy,code_visual_dft,5,5,0.054000000000000006,0.0003062299076772992,0.002348277067985423,0.010471606824548002,75,nomic-ai/nomic-embed-text-v1.5;Qwen/Qwen3-Embedding-0.6B;jinaai/jina-embeddings-v2-base-code;Snowflake/snowflake-arctic-embed-m-v2.0;voyageai/voyage-4-nano
102,embedding__all__hdbscan_noise_ratio,chunk_view_hdbscan,5,5,0.054000000000000006,0.0,0.002751152359143299,0.009898995037398437,73,nomic-ai/nomic-embed-text-v1.5;Qwen/Qwen3-Embedding-0.6B;jinaai/jina-embeddings-v2-base-code;Snowflake/snowflake-arctic-embed-m-v2.0;voyageai/voyage-4-nano
103,compression__cross_line_redundancy_zlib,code_compression,5,5,0.053000000000000005,0.0,0.0020866164668276307,0.01028629729564309,84,nomic-ai/nomic-embed-text-v1.5;Qwen/Qwen3-Embedding-0.6B;jinaai/jina-embeddings-v2-base-code;Snowflake/snowflake-arctic-embed-m-v2.0;voyageai/voyage-4-nano
104,base__type_assignment_ratio,cognascore_type_inventory,5,5,0.051000000000000004,0.0,0.0012207672837131328,0.00996367801413673,90,nomic-ai/nomic-embed-text-v1.5;Qwen/Qwen3-Embedding-0.6B;jinaai/jina-embeddings-v2-base-code;Snowflake/snowflake-arctic-embed-m-v2.0;voyageai/voyage-4-nano
105,base__std_indent,code_layout,5,5,0.049,0.0,0.002048757532185047,0.009938161375661374,70,nomic-ai/nomic-embed-text-v1.5;Qwen/Qwen3-Embedding-0.6B;jinaai/jina-embeddings-v2-base-code;Snowflake/snowflake-arctic-embed-m-v2.0;voyageai/voyage-4-nano
106,base__type_comment_count,cognascore_type_inventory,5,5,0.046,0.002896627738855206,0.0012131988365276457,0.009460121206690689,67,nomic-ai/nomic-embed-text-v1.5;Qwen/Qwen3-Embedding-0.6B;jinaai/jina-embeddings-v2-base-code;Snowflake/snowflake-arctic-embed-m-v2.0;voyageai/voyage-4-nano
107,embedding__only_identifier__hdbscan_noise_ratio,chunk_view_hdbscan,5,5,0.045,0.0,0.0015599123349872828,0.009539159025913993,78,nomic-ai/nomic-embed-text-v1.5;Qwen/Qwen3-Embedding-0.6B;jinaai/jina-embeddings-v2-base-code;Snowflake/snowflake-arctic-embed-m-v2.0;voyageai/voyage-4-nano
108,embedding__scalabrino_comment_identifier_cosine_mean,scalabrino_comment_identifier_alignment,5,5,0.041999999999999996,0.0,0.0013542141536695487,0.009343683782215244,94,nomic-ai/nomic-embed-text-v1.5;Qwen/Qwen3-Embedding-0.6B;jinaai/jina-embeddings-v2-base-code;Snowflake/snowflake-arctic-embed-m-v2.0;voyageai/voyage-4-nano
109,base__visual_line_length_dft_energy,code_visual_dft,5,5,0.039,0.0,0.0015715903531500354,0.009630537282128305,86,nomic-ai/nomic-embed-text-v1.5;Qwen/Qwen3-Embedding-0.6B;jinaai/jina-embeddings-v2-base-code;Snowflake/snowflake-arctic-embed-m-v2.0;voyageai/voyage-4-nano
110,base__identifier_mean_length,cognascore_identifier_quality,5,5,0.037,0.0,0.0013359691560909214,0.009400551735215775,98,nomic-ai/nomic-embed-text-v1.5;Qwen/Qwen3-Embedding-0.6B;jinaai/jina-embeddings-v2-base-code;Snowflake/snowflake-arctic-embed-m-v2.0;voyageai/voyage-4-nano
111,base__type_regex_count,cognascore_type_inventory,5,5,0.036,0.0,0.0019604529948286094,0.009549884813042708,95,nomic-ai/nomic-embed-text-v1.5;Qwen/Qwen3-Embedding-0.6B;jinaai/jina-embeddings-v2-base-code;Snowflake/snowflake-arctic-embed-m-v2.0;voyageai/voyage-4-nano
112,embedding__all__auto_kmeans_cluster_diameter_max,chunk_view_auto_kmeans,5,5,0.027000000000000003,0.0,0.001356336269955675,0.008390276141373299,100,nomic-ai/nomic-embed-text-v1.5;Qwen/Qwen3-Embedding-0.6B;jinaai/jina-embeddings-v2-base-code;Snowflake/snowflake-arctic-embed-m-v2.0;voyageai/voyage-4-nano
113,embedding__semantic_core__coverage_ratio,chunk_view_coverage,5,5,0.024000000000000004,0.0,0.0010989895363605275,0.008447991610546391,101,nomic-ai/nomic-embed-text-v1.5;Qwen/Qwen3-Embedding-0.6B;jinaai/jina-embeddings-v2-base-code;Snowflake/snowflake-arctic-embed-m-v2.0;voyageai/voyage-4-nano
114,base__visual_keyword_dft_energy,code_visual_dft,5,5,0.024,0.0,0.0005709097060055477,0.00834238892913464,102,nomic-ai/nomic-embed-text-v1.5;Qwen/Qwen3-Embedding-0.6B;jinaai/jina-embeddings-v2-base-code;Snowflake/snowflake-arctic-embed-m-v2.0;voyageai/voyage-4-nano
115,base__identifier_std_length,cognascore_identifier_quality,5,5,0.022000000000000002,0.0,0.0007522120369447917,0.00812922530123226,111,nomic-ai/nomic-embed-text-v1.5;Qwen/Qwen3-Embedding-0.6B;jinaai/jina-embeddings-v2-base-code;Snowflake/snowflake-arctic-embed-m-v2.0;voyageai/voyage-4-nano
116,base__std_chunks_per_source_line,cognascore_chunk,5,5,0.022,0.0,0.0006872713768919582,0.008069002248786839,105,nomic-ai/nomic-embed-text-v1.5;Qwen/Qwen3-Embedding-0.6B;jinaai/jina-embeddings-v2-base-code;Snowflake/snowflake-arctic-embed-m-v2.0;voyageai/voyage-4-nano
117,compression__zlib_line_ratio_mean,code_compression,5,5,0.02,0.0,0.00113341941680326,0.008308606615568181,109,nomic-ai/nomic-embed-text-v1.5;Qwen/Qwen3-Embedding-0.6B;jinaai/jina-embeddings-v2-base-code;Snowflake/snowflake-arctic-embed-m-v2.0;voyageai/voyage-4-nano
118,compression__zlib_ratio,code_compression,5,5,0.02,0.0,0.0005809048717227259,0.008121112268669597,111,nomic-ai/nomic-embed-text-v1.5;Qwen/Qwen3-Embedding-0.6B;jinaai/jina-embeddings-v2-base-code;Snowflake/snowflake-arctic-embed-m-v2.0;voyageai/voyage-4-nano
119,base__mean_line_length,code_layout,5,5,0.017,0.0,0.0004705404980244644,0.007965533725168113,112,nomic-ai/nomic-embed-text-v1.5;Qwen/Qwen3-Embedding-0.6B;jinaai/jina-embeddings-v2-base-code;Snowflake/snowflake-arctic-embed-m-v2.0;voyageai/voyage-4-nano
120,base__scalabrino_visual_max_numbers_per_line,scalabrino_buse_weimer,5,5,0.013000000000000001,0.0,0.0003636396779341521,0.007728182333051994,106,nomic-ai/nomic-embed-text-v1.5;Qwen/Qwen3-Embedding-0.6B;jinaai/jina-embeddings-v2-base-code;Snowflake/snowflake-arctic-embed-m-v2.0;voyageai/voyage-4-nano
121,embedding__semantic_core__auto_kmeans_silhouette,chunk_view_auto_kmeans,5,5,0.013000000000000001,0.0,0.0005219539508560959,0.0074503772535608305,113,nomic-ai/nomic-embed-text-v1.5;Qwen/Qwen3-Embedding-0.6B;jinaai/jina-embeddings-v2-base-code;Snowflake/snowflake-arctic-embed-m-v2.0;voyageai/voyage-4-nano
122,base__indent_transition_std,code_visual_layout,5,5,0.011,0.0,0.0004429353167191852,0.00740667706609192,124,nomic-ai/nomic-embed-text-v1.5;Qwen/Qwen3-Embedding-0.6B;jinaai/jina-embeddings-v2-base-code;Snowflake/snowflake-arctic-embed-m-v2.0;voyageai/voyage-4-nano
123,base__log_halstead_volume,code_halstead,5,5,0.009,0.0,0.0002948423903657384,0.007189330772601314,129,nomic-ai/nomic-embed-text-v1.5;Qwen/Qwen3-Embedding-0.6B;jinaai/jina-embeddings-v2-base-code;Snowflake/snowflake-arctic-embed-m-v2.0;voyageai/voyage-4-nano
124,embedding__scalabrino_comment_identifier_cosine_max,scalabrino_comment_identifier_alignment,5,5,0.009,0.0,0.00043300343309146097,0.00718664274179027,125,nomic-ai/nomic-embed-text-v1.5;Qwen/Qwen3-Embedding-0.6B;jinaai/jina-embeddings-v2-base-code;Snowflake/snowflake-arctic-embed-m-v2.0;voyageai/voyage-4-nano
125,embedding__structural_core__auto_agglo_cluster_size_cv,chunk_view_auto_agglo,5,4,0.24900000000000003,0.04067665710017112,0.03351436666649452,0.027621367418161773,11,nomic-ai/nomic-embed-text-v1.5;Qwen/Qwen3-Embedding-0.6B;jinaai/jina-embeddings-v2-base-code;Snowflake/snowflake-arctic-embed-m-v2.0;voyageai/voyage-4-nano
126,embedding__only_identifier__auto_kmeans_cluster_diameter_max,chunk_view_auto_kmeans,5,4,0.209,0.009836339530620178,0.013564132308556211,0.018556881103392733,28,nomic-ai/nomic-embed-text-v1.5;Qwen/Qwen3-Embedding-0.6B;jinaai/jina-embeddings-v2-base-code;Snowflake/snowflake-arctic-embed-m-v2.0;voyageai/voyage-4-nano
127,embedding__semantic_core__optics_reachability_mean,chunk_view_optics,5,4,0.18,0.01341449573409798,0.011379315385781668,0.017082225988071527,25,nomic-ai/nomic-embed-text-v1.5;Qwen/Qwen3-Embedding-0.6B;jinaai/jina-embeddings-v2-base-code;Snowflake/snowflake-arctic-embed-m-v2.0;voyageai/voyage-4-nano
128,embedding__semantic_core__hdbscan_largest_cluster_ratio,chunk_view_hdbscan,5,4,0.10600000000000001,0.01258836914037961,0.006718841716430212,0.012755141833334002,38,nomic-ai/nomic-embed-text-v1.5;Qwen/Qwen3-Embedding-0.6B;jinaai/jina-embeddings-v2-base-code;Snowflake/snowflake-arctic-embed-m-v2.0;voyageai/voyage-4-nano
129,embedding__only_identifier__embedding_mean_cosine_to_centroid,chunk_view_embedding,5,4,0.10200000000000001,0.0026075360982435684,0.005367292168494292,0.012395720612188537,48,nomic-ai/nomic-embed-text-v1.5;Qwen/Qwen3-Embedding-0.6B;jinaai/jina-embeddings-v2-base-code;Snowflake/snowflake-arctic-embed-m-v2.0;voyageai/voyage-4-nano
130,embedding__all__optics_reachability_mean,chunk_view_optics,5,4,0.096,0.0038848089725507717,0.004410060069636523,0.01241507016049517,37,nomic-ai/nomic-embed-text-v1.5;Qwen/Qwen3-Embedding-0.6B;jinaai/jina-embeddings-v2-base-code;Snowflake/snowflake-arctic-embed-m-v2.0;voyageai/voyage-4-nano
131,embedding__structural_core__optics_cluster_diameter_max,chunk_view_optics,5,4,0.06,0.0,0.00372677036851722,0.009981492581381196,59,nomic-ai/nomic-embed-text-v1.5;Qwen/Qwen3-Embedding-0.6B;jinaai/jina-embeddings-v2-base-code;Snowflake/snowflake-arctic-embed-m-v2.0;voyageai/voyage-4-nano
132,base__log_token_count,code_halstead,5,4,0.052000000000000005,0.0,0.002884022882449301,0.009660065205982577,66,nomic-ai/nomic-embed-text-v1.5;Qwen/Qwen3-Embedding-0.6B;jinaai/jina-embeddings-v2-base-code;Snowflake/snowflake-arctic-embed-m-v2.0;voyageai/voyage-4-nano
133,embedding__all__auto_agglo_cluster_count,chunk_view_auto_agglo,5,4,0.051000000000000004,0.0,0.0018801422514137006,0.009649157837653364,80,nomic-ai/nomic-embed-text-v1.5;Qwen/Qwen3-Embedding-0.6B;jinaai/jina-embeddings-v2-base-code;Snowflake/snowflake-arctic-embed-m-v2.0;voyageai/voyage-4-nano
134,embedding__all__auto_agglo_cluster_diameter_max,chunk_view_auto_agglo,5,4,0.05,0.01601990402040681,0.0024215953209677198,0.009562296963677547,53,nomic-ai/nomic-embed-text-v1.5;Qwen/Qwen3-Embedding-0.6B;jinaai/jina-embeddings-v2-base-code;Snowflake/snowflake-arctic-embed-m-v2.0;voyageai/voyage-4-nano
135,embedding__structural_core__hdbscan_cluster_diameter_max,chunk_view_hdbscan,5,4,0.044,0.0,0.0018977970913806412,0.008992639937285668,79,nomic-ai/nomic-embed-text-v1.5;Qwen/Qwen3-Embedding-0.6B;jinaai/jina-embeddings-v2-base-code;Snowflake/snowflake-arctic-embed-m-v2.0;voyageai/voyage-4-nano
136,embedding__semantic_core__hdbscan_cluster_diameter_max,chunk_view_hdbscan,5,4,0.037,0.0,0.0020032251884721033,0.008616070494952483,69,nomic-ai/nomic-embed-text-v1.5;Qwen/Qwen3-Embedding-0.6B;jinaai/jina-embeddings-v2-base-code;Snowflake/snowflake-arctic-embed-m-v2.0;voyageai/voyage-4-nano
137,embedding__structural_core__hdbscan_cluster_size_cv,chunk_view_hdbscan,5,4,0.034999999999999996,0.0,0.000905692489652621,0.008432724653856093,71,nomic-ai/nomic-embed-text-v1.5;Qwen/Qwen3-Embedding-0.6B;jinaai/jina-embeddings-v2-base-code;Snowflake/snowflake-arctic-embed-m-v2.0;voyageai/voyage-4-nano
138,embedding__irrelevant_comment_deficit_mean,comment_code_relevance,5,4,0.028000000000000004,0.0,0.0006837980388650162,0.008374811588940812,79,nomic-ai/nomic-embed-text-v1.5;Qwen/Qwen3-Embedding-0.6B;jinaai/jina-embeddings-v2-base-code;Snowflake/snowflake-arctic-embed-m-v2.0;voyageai/voyage-4-nano
139,base__type_call_count,cognascore_type_inventory,5,4,0.019000000000000003,0.0,0.000643742823965669,0.008242342900623185,96,nomic-ai/nomic-embed-text-v1.5;Qwen/Qwen3-Embedding-0.6B;jinaai/jina-embeddings-v2-base-code;Snowflake/snowflake-arctic-embed-m-v2.0;voyageai/voyage-4-nano
140,embedding__all__auto_agglo_cluster_type_entropy_mean,chunk_view_auto_agglo,5,4,0.016,0.0,0.00044410175568983565,0.007583032215788277,111,nomic-ai/nomic-embed-text-v1.5;Qwen/Qwen3-Embedding-0.6B;jinaai/jina-embeddings-v2-base-code;Snowflake/snowflake-arctic-embed-m-v2.0;voyageai/voyage-4-nano
141,base__type_comparison_count,cognascore_type_inventory,5,4,0.014000000000000002,0.0,0.0001730953300372656,0.007403778173008942,111,nomic-ai/nomic-embed-text-v1.5;Qwen/Qwen3-Embedding-0.6B;jinaai/jina-embeddings-v2-base-code;Snowflake/snowflake-arctic-embed-m-v2.0;voyageai/voyage-4-nano
142,base__member_access_density,cognascore_member_access,5,4,0.012,0.0,0.00020891517159205166,0.007363549579957024,124,nomic-ai/nomic-embed-text-v1.5;Qwen/Qwen3-Embedding-0.6B;jinaai/jina-embeddings-v2-base-code;Snowflake/snowflake-arctic-embed-m-v2.0;voyageai/voyage-4-nano
143,base__type_control_flow_count,cognascore_type_inventory,5,4,0.012,0.0,0.0002148865847541103,0.007358346043215287,114,nomic-ai/nomic-embed-text-v1.5;Qwen/Qwen3-Embedding-0.6B;jinaai/jina-embeddings-v2-base-code;Snowflake/snowflake-arctic-embed-m-v2.0;voyageai/voyage-4-nano
144,embedding__only_identifier__auto_agglo_cluster_diameter_max,chunk_view_auto_agglo,5,4,0.012,0.0,0.00045734118572171074,0.007243543637078695,117,nomic-ai/nomic-embed-text-v1.5;Qwen/Qwen3-Embedding-0.6B;jinaai/jina-embeddings-v2-base-code;Snowflake/snowflake-arctic-embed-m-v2.0;voyageai/voyage-4-nano
145,base__log_vocabulary_size,code_halstead,5,4,0.005,0.0,0.00026459916466131824,0.006818435210066462,133,nomic-ai/nomic-embed-text-v1.5;Qwen/Qwen3-Embedding-0.6B;jinaai/jina-embeddings-v2-base-code;Snowflake/snowflake-arctic-embed-m-v2.0;voyageai/voyage-4-nano
146,base__type_logical_count,cognascore_type_inventory,5,4,0.005,0.0,9.40377094678919e-05,0.006648935637488742,140,nomic-ai/nomic-embed-text-v1.5;Qwen/Qwen3-Embedding-0.6B;jinaai/jina-embeddings-v2-base-code;Snowflake/snowflake-arctic-embed-m-v2.0;voyageai/voyage-4-nano
147,embedding__only_identifier__hdbscan_largest_cluster_ratio,chunk_view_hdbscan,5,3,0.098,0.002034208321412624,0.004027423775704936,0.011595608106420498,40,nomic-ai/nomic-embed-text-v1.5;Qwen/Qwen3-Embedding-0.6B;jinaai/jina-embeddings-v2-base-code;Snowflake/snowflake-arctic-embed-m-v2.0;voyageai/voyage-4-nano
148,embedding__semantic_core__hdbscan_cluster_size_cv,chunk_view_hdbscan,5,3,0.08700000000000001,0.022023956531894436,0.00566660722356698,0.011274148867999186,38,nomic-ai/nomic-embed-text-v1.5;Qwen/Qwen3-Embedding-0.6B;jinaai/jina-embeddings-v2-base-code;Snowflake/snowflake-arctic-embed-m-v2.0;voyageai/voyage-4-nano
149,embedding__semantic_core__auto_agglo_cluster_count,chunk_view_auto_agglo,5,3,0.078,0.002747304789984318,0.0036740649406968354,0.011160190957297407,46,nomic-ai/nomic-embed-text-v1.5;Qwen/Qwen3-Embedding-0.6B;jinaai/jina-embeddings-v2-base-code;Snowflake/snowflake-arctic-embed-m-v2.0;voyageai/voyage-4-nano
150,embedding__structural_core__auto_agglo_largest_cluster_ratio,chunk_view_auto_agglo,5,3,0.065,0.012851886191694983,0.004955834718744923,0.010305564863165948,37,nomic-ai/nomic-embed-text-v1.5;Qwen/Qwen3-Embedding-0.6B;jinaai/jina-embeddings-v2-base-code;Snowflake/snowflake-arctic-embed-m-v2.0;voyageai/voyage-4-nano
151,embedding__structural_core__hdbscan_noise_ratio,chunk_view_hdbscan,5,3,0.045,0.005938112863307582,0.0031075744535218703,0.008959424151513351,66,nomic-ai/nomic-embed-text-v1.5;Qwen/Qwen3-Embedding-0.6B;jinaai/jina-embeddings-v2-base-code;Snowflake/snowflake-arctic-embed-m-v2.0;voyageai/voyage-4-nano
152,embedding__all__auto_agglo_cluster_size_cv,chunk_view_auto_agglo,5,3,0.034999999999999996,0.0,0.0015047755575739441,0.0082720264858502,83,nomic-ai/nomic-embed-text-v1.5;Qwen/Qwen3-Embedding-0.6B;jinaai/jina-embeddings-v2-base-code;Snowflake/snowflake-arctic-embed-m-v2.0;voyageai/voyage-4-nano
153,embedding__only_identifier__auto_agglo_cluster_size_cv,chunk_view_auto_agglo,5,3,0.028000000000000004,0.007283722267252199,0.00117879533460176,0.008462015418299572,81,nomic-ai/nomic-embed-text-v1.5;Qwen/Qwen3-Embedding-0.6B;jinaai/jina-embeddings-v2-base-code;Snowflake/snowflake-arctic-embed-m-v2.0;voyageai/voyage-4-nano
154,embedding__only_identifier__hdbscan_cluster_size_cv,chunk_view_hdbscan,5,3,0.014000000000000002,0.0,0.0003341830139028874,0.007375193983024536,105,nomic-ai/nomic-embed-text-v1.5;Qwen/Qwen3-Embedding-0.6B;jinaai/jina-embeddings-v2-base-code;Snowflake/snowflake-arctic-embed-m-v2.0;voyageai/voyage-4-nano
155,base__type_declaration_ratio,cognascore_type_inventory,5,3,0.013000000000000001,0.0,0.00038174752815319077,0.007211570333914502,104,nomic-ai/nomic-embed-text-v1.5;Qwen/Qwen3-Embedding-0.6B;jinaai/jina-embeddings-v2-base-code;Snowflake/snowflake-arctic-embed-m-v2.0;voyageai/voyage-4-nano
156,embedding__semantic_core__embedding_mean_cosine_to_centroid,chunk_view_embedding,5,3,0.012,0.0,0.000263716705356591,0.007004359561683579,112,nomic-ai/nomic-embed-text-v1.5;Qwen/Qwen3-Embedding-0.6B;jinaai/jina-embeddings-v2-base-code;Snowflake/snowflake-arctic-embed-m-v2.0;voyageai/voyage-4-nano
157,embedding__semantic_core__embedding_first_pc_explained_variance,chunk_view_embedding,5,3,0.011,0.0,0.00033708587310903114,0.006892487410167578,113,nomic-ai/nomic-embed-text-v1.5;Qwen/Qwen3-Embedding-0.6B;jinaai/jina-embeddings-v2-base-code;Snowflake/snowflake-arctic-embed-m-v2.0;voyageai/voyage-4-nano
158,base__type_import_count,cognascore_type_inventory,5,3,0.008,0.0,0.0001396149363689899,0.006890223591032427,113,nomic-ai/nomic-embed-text-v1.5;Qwen/Qwen3-Embedding-0.6B;jinaai/jina-embeddings-v2-base-code;Snowflake/snowflake-arctic-embed-m-v2.0;voyageai/voyage-4-nano
159,embedding__all__embedding_first_pc_explained_variance,chunk_view_embedding,5,3,0.006,0.0,0.00012568936521556613,0.006769466675610526,122,nomic-ai/nomic-embed-text-v1.5;Qwen/Qwen3-Embedding-0.6B;jinaai/jina-embeddings-v2-base-code;Snowflake/snowflake-arctic-embed-m-v2.0;voyageai/voyage-4-nano
160,embedding__structural_core__coverage_ratio,chunk_view_coverage,5,3,0.003,0.0,0.00016541112660935185,0.0064205847184570595,140,nomic-ai/nomic-embed-text-v1.5;Qwen/Qwen3-Embedding-0.6B;jinaai/jina-embeddings-v2-base-code;Snowflake/snowflake-arctic-embed-m-v2.0;voyageai/voyage-4-nano
161,embedding__semantic_core__auto_agglo_cluster_diameter_max,chunk_view_auto_agglo,5,2,0.016,0.0,0.0006157494405439666,0.007105620988477721,96,nomic-ai/nomic-embed-text-v1.5;Qwen/Qwen3-Embedding-0.6B;jinaai/jina-embeddings-v2-base-code;Snowflake/snowflake-arctic-embed-m-v2.0;voyageai/voyage-4-nano
162,embedding__structural_core__embedding_mean_cosine_to_centroid,chunk_view_embedding,5,2,0.006,0.0,0.0003039802465866398,0.006458745046693139,126,nomic-ai/nomic-embed-text-v1.5;Qwen/Qwen3-Embedding-0.6B;jinaai/jina-embeddings-v2-base-code;Snowflake/snowflake-arctic-embed-m-v2.0;voyageai/voyage-4-nano
163,base__scalabrino_align_blocks_count,scalabrino_dorn,5,2,0.005,0.0,0.00013677535009593112,0.006669505913408487,121,nomic-ai/nomic-embed-text-v1.5;Qwen/Qwen3-Embedding-0.6B;jinaai/jina-embeddings-v2-base-code;Snowflake/snowflake-arctic-embed-m-v2.0;voyageai/voyage-4-nano
164,embedding__all__embedding_mean_cosine_to_centroid,chunk_view_embedding,5,2,0.005,0.0,0.00011396980528819696,0.00649943528210962,123,nomic-ai/nomic-embed-text-v1.5;Qwen/Qwen3-Embedding-0.6B;jinaai/jina-embeddings-v2-base-code;Snowflake/snowflake-arctic-embed-m-v2.0;voyageai/voyage-4-nano
165,embedding__only_identifier__auto_kmeans_selected_k,chunk_view_auto_kmeans,5,2,0.003,0.0,4.5488463608505246e-05,0.006344155444939925,134,nomic-ai/nomic-embed-text-v1.5;Qwen/Qwen3-Embedding-0.6B;jinaai/jina-embeddings-v2-base-code;Snowflake/snowflake-arctic-embed-m-v2.0;voyageai/voyage-4-nano
166,base__loc,code_layout,5,2,0.002,0.0,2.201225840042875e-05,0.006524814609196805,146,nomic-ai/nomic-embed-text-v1.5;Qwen/Qwen3-Embedding-0.6B;jinaai/jina-embeddings-v2-base-code;Snowflake/snowflake-arctic-embed-m-v2.0;voyageai/voyage-4-nano
167,base__scalabrino_comment_identifier_word_overlap_max,scalabrino_commented_words,5,2,0.002,0.0,2.8451178617252203e-05,0.006350084844860002,143,nomic-ai/nomic-embed-text-v1.5;Qwen/Qwen3-Embedding-0.6B;jinaai/jina-embeddings-v2-base-code;Snowflake/snowflake-arctic-embed-m-v2.0;voyageai/voyage-4-nano
168,embedding__only_identifier__hdbscan_cluster_diameter_max,chunk_view_hdbscan,5,2,0.002,0.0,3.0352548406946574e-05,0.006229158614607531,144,nomic-ai/nomic-embed-text-v1.5;Qwen/Qwen3-Embedding-0.6B;jinaai/jina-embeddings-v2-base-code;Snowflake/snowflake-arctic-embed-m-v2.0;voyageai/voyage-4-nano
169,base__max_indent,code_layout,5,1,0.003,0.0,4.4294060287699766e-05,0.006391878107886398,137,nomic-ai/nomic-embed-text-v1.5;Qwen/Qwen3-Embedding-0.6B;jinaai/jina-embeddings-v2-base-code;Snowflake/snowflake-arctic-embed-m-v2.0;voyageai/voyage-4-nano
170,embedding__structural_core__auto_agglo_cluster_diameter_max,chunk_view_auto_agglo,5,1,0.002,0.0,8.872801797270736e-05,0.005958833860466042,136,nomic-ai/nomic-embed-text-v1.5;Qwen/Qwen3-Embedding-0.6B;jinaai/jina-embeddings-v2-base-code;Snowflake/snowflake-arctic-embed-m-v2.0;voyageai/voyage-4-nano
171,base__log_lexeme_count,cognascore_chunk,5,1,0.001,0.0,9.267796293091699e-05,0.006466411443238312,141,nomic-ai/nomic-embed-text-v1.5;Qwen/Qwen3-Embedding-0.6B;jinaai/jina-embeddings-v2-base-code;Snowflake/snowflake-arctic-embed-m-v2.0;voyageai/voyage-4-nano
172,embedding__scalabrino_comment_identifier_centroid_cosine,scalabrino_comment_identifier_alignment,5,1,0.001,0.0,0.00011518182353327806,0.005980922932712846,144,nomic-ai/nomic-embed-text-v1.5;Qwen/Qwen3-Embedding-0.6B;jinaai/jina-embeddings-v2-base-code;Snowflake/snowflake-arctic-embed-m-v2.0;voyageai/voyage-4-nano
173,base__chunk_line_span,cognascore_visual_chunk,5,0,0.0,0.0,0.0,0.006453957190712158,151,nomic-ai/nomic-embed-text-v1.5;Qwen/Qwen3-Embedding-0.6B;jinaai/jina-embeddings-v2-base-code;Snowflake/snowflake-arctic-embed-m-v2.0;voyageai/voyage-4-nano
174,base__indent_cv,code_visual_layout,5,0,0.0,0.0,0.0,0.0064125560101377255,152,nomic-ai/nomic-embed-text-v1.5;Qwen/Qwen3-Embedding-0.6B;jinaai/jina-embeddings-v2-base-code;Snowflake/snowflake-arctic-embed-m-v2.0;voyageai/voyage-4-nano
175,base__lexeme_count,cognascore_chunk,5,0,0.0,0.0,0.0,0.006371682792630918,153,nomic-ai/nomic-embed-text-v1.5;Qwen/Qwen3-Embedding-0.6B;jinaai/jina-embeddings-v2-base-code;Snowflake/snowflake-arctic-embed-m-v2.0;voyageai/voyage-4-nano
176,base__log_avg_chunk_chars,cognascore_chunk,5,0,0.0,0.0,0.0,0.006307024580804435,155,nomic-ai/nomic-embed-text-v1.5;Qwen/Qwen3-Embedding-0.6B;jinaai/jina-embeddings-v2-base-code;Snowflake/snowflake-arctic-embed-m-v2.0;voyageai/voyage-4-nano
177,base__log_loc,code_layout,5,0,0.0,0.0,0.0,0.006235827081895117,157,nomic-ai/nomic-embed-text-v1.5;Qwen/Qwen3-Embedding-0.6B;jinaai/jina-embeddings-v2-base-code;Snowflake/snowflake-arctic-embed-m-v2.0;voyageai/voyage-4-nano
178,base__mean_chunks_per_source_line,cognascore_chunk,5,0,0.0,0.0,0.0,0.006151795989480446,159,nomic-ai/nomic-embed-text-v1.5;Qwen/Qwen3-Embedding-0.6B;jinaai/jina-embeddings-v2-base-code;Snowflake/snowflake-arctic-embed-m-v2.0;voyageai/voyage-4-nano
179,base__scalabrino_visual_max_identifiers_per_line,scalabrino_buse_weimer,5,0,0.0,0.0,0.0,0.006062130147879182,161,nomic-ai/nomic-embed-text-v1.5;Qwen/Qwen3-Embedding-0.6B;jinaai/jina-embeddings-v2-base-code;Snowflake/snowflake-arctic-embed-m-v2.0;voyageai/voyage-4-nano
180,base__type_assignment_count,cognascore_type_inventory,5,0,0.0,0.0,0.0,0.006025593029914593,162,nomic-ai/nomic-embed-text-v1.5;Qwen/Qwen3-Embedding-0.6B;jinaai/jina-embeddings-v2-base-code;Snowflake/snowflake-arctic-embed-m-v2.0;voyageai/voyage-4-nano
181,embedding__only_identifier__coverage_ratio,chunk_view_coverage,5,0,0.0,0.0,0.0,0.005802302059668474,169,nomic-ai/nomic-embed-text-v1.5;Qwen/Qwen3-Embedding-0.6B;jinaai/jina-embeddings-v2-base-code;Snowflake/snowflake-arctic-embed-m-v2.0;voyageai/voyage-4-nano
