causal_lm,embedding_model,pooled_mean_spearman,lodo_mean_spearman,java_changed_response,python_changed_response,expected_sign_agreement,expected_sign_total
Qwen/Qwen2.5-Coder-0.5B,nomic-ai/nomic-embed-text-v1.5,0.6128078829,0.6237383365,0.9575892857,0.8576086957,11,11
Qwen/Qwen2.5-Coder-0.5B,Qwen/Qwen3-Embedding-0.6B,0.6237409290,0.6222985519,0.9475446429,0.8141304348,11,11
Qwen/Qwen2.5-Coder-0.5B,jinaai/jina-embeddings-v2-base-code,0.6200995058,0.6248091123,0.9508928571,0.8467391304,11,11
Qwen/Qwen2.5-Coder-0.5B,Snowflake/snowflake-arctic-embed-m-v2.0,0.6155808234,0.6277145858,0.9441964286,0.8282608696,11,11
Qwen/Qwen2.5-Coder-0.5B,voyageai/voyage-4-nano,0.6133299268,0.6168245704,0.9564732143,0.8478260870,11,11
deepseek-ai/deepseek-coder-1.3b-base,nomic-ai/nomic-embed-text-v1.5,0.6246412303,0.6214674429,0.9542410714,0.8467391304,11,11
deepseek-ai/deepseek-coder-1.3b-base,Qwen/Qwen3-Embedding-0.6B,0.6288645203,0.6288369775,0.9531250000,0.7967391304,11,11
deepseek-ai/deepseek-coder-1.3b-base,jinaai/jina-embeddings-v2-base-code,0.6259513009,0.6310053921,0.9520089286,0.8347826087,11,11
deepseek-ai/deepseek-coder-1.3b-base,Snowflake/snowflake-arctic-embed-m-v2.0,0.6332709382,0.6326440881,0.9486607143,0.8065217391,11,11
deepseek-ai/deepseek-coder-1.3b-base,voyageai/voyage-4-nano,0.6233714570,0.6250398702,0.9542410714,0.8304347826,11,11
infly/OpenCoder-1.5B-Base,nomic-ai/nomic-embed-text-v1.5,0.6221247742,0.6304009897,0.9475446429,0.8804347826,11,11
infly/OpenCoder-1.5B-Base,Qwen/Qwen3-Embedding-0.6B,0.6264430131,0.6287781014,0.9430803571,0.8423913043,11,11
infly/OpenCoder-1.5B-Base,jinaai/jina-embeddings-v2-base-code,0.6312297300,0.6381085659,0.9375000000,0.8760869565,11,11
infly/OpenCoder-1.5B-Base,Snowflake/snowflake-arctic-embed-m-v2.0,0.6287149034,0.6367066621,0.9363839286,0.8554347826,11,11
infly/OpenCoder-1.5B-Base,voyageai/voyage-4-nano,0.6238391421,0.6269622788,0.9520089286,0.8684782609,11,11
