protocol,dataset,estimate,ci_95_low,ci_95_high,bootstrap_rounds,seed
pooled_cv,mbjp,0.7802289857,0.4135618182,0.9455288127,10000,20260923
pooled_cv,buse,0.6871099388,0.5703647104,0.7663531017,10000,20260923
pooled_cv,scalabrino,0.5482815655,0.4466122223,0.6380007716,10000,20260923
pooled_cv,dorn,0.5595900533,0.4759975603,0.6332730267,10000,20260923
pooled_cv,schnappinger,0.6411803609,0.5587973170,0.7118493099,10000,20260923
pooled_cv,jetbrains,0.5175871523,0.3755031864,0.6334336533,10000,20260923
pooled_cv,average,0.6223296761,0.5509015356,0.6665467487,10000,20260923
lodo,mbjp,0.7864212792,0.4303608645,0.9508198215,10000,20260924
lodo,buse,0.6931409038,0.5827467670,0.7724519011,10000,20260924
lodo,scalabrino,0.5523228287,0.4505201679,0.6379151263,10000,20260924
lodo,dorn,0.5435203612,0.4580871485,0.6195560087,10000,20260924
lodo,schnappinger,0.6443662969,0.5623070703,0.7130087295,10000,20260924
lodo,jetbrains,0.5131923697,0.3691886326,0.6322532631,10000,20260924
lodo,average,0.6221606733,0.5518123040,0.6651160065,10000,20260924
