,snip_id,unreadable,readable,diff1,diff2,readability,neutral,posnett,dorn_reversed,scalabrino_reverced,mi
0,e7,0.0,22.0,1.0,1.0,1,False,1,1,1,1
1,i47,0.0,11.0,1.0,1.0,1,False,1,1,1,1
2,b39,0.0,20.0,1.0,1.0,1,False,1,1,1,0
3,e12,0.0,17.0,1.0,1.0,1,False,1,1,1,0
4,b40,1.0,29.0,0.9322235434007136,0.9333333333333333,1,False,1,1,1,0
5,b25,1.0,25.0,0.9216,0.9230769230769231,1,False,1,1,0,1
6,i39,1.0,23.0,0.9149338374291116,0.9166666666666666,1,False,1,1,1,1
7,i43,1.0,22.0,0.9111570247933886,0.9130434782608695,1,False,1,0,1,1
8,i6,1.0,19.0,0.8975069252077563,0.9,1,False,1,1,1,1
9,e24,1.0,19.0,0.8975069252077563,0.9,1,False,1,0,0,0
10,e5,1.0,18.0,0.8919753086419753,0.8947368421052632,1,False,1,1,1,1
11,e52,1.0,17.0,0.8858131487889274,0.8888888888888888,1,False,1,1,1,1
12,e59,1.0,16.0,0.87890625,0.8823529411764706,1,False,1,1,1,1
13,b17,1.0,16.0,0.87890625,0.8823529411764706,1,False,1,0,1,1
14,b52,1.0,15.0,0.8711111111111112,0.875,1,False,1,1,1,1
15,b43,1.0,15.0,0.8711111111111112,0.875,1,False,0,0,1,1
16,b45,2.0,29.0,0.8668252080856124,0.8709677419354839,1,False,1,0,1,0
17,e37,1.0,14.0,0.8622448979591837,0.8666666666666667,1,False,1,1,1,1
18,e57,14.0,1.0,169.0,0.8666666666666667,0,False,1,1,1,1
19,e43,2.0,23.0,0.8336483931947071,0.84,1,False,1,0,1,1
20,i41,2.0,22.0,0.8264462809917354,0.8333333333333334,1,False,1,1,1,1
21,i12,2.0,21.0,0.8185941043083901,0.8260869565217391,1,False,1,1,1,1
22,i13,2.0,19.0,0.8005540166204986,0.8095238095238095,1,False,1,1,1,1
23,i37,2.0,19.0,0.8005540166204986,0.8095238095238095,1,False,1,0,1,1
24,b12,2.0,19.0,0.8005540166204986,0.8095238095238095,1,False,1,1,1,1
25,i9,2.0,19.0,0.8005540166204986,0.8095238095238095,1,False,1,1,1,1
26,b47,2.0,18.0,0.7901234567901234,0.8,1,False,1,0,1,0
27,b5,2.0,18.0,0.7901234567901234,0.8,1,False,1,1,1,1
28,b13,2.0,18.0,0.7901234567901234,0.8,1,False,1,1,1,1
29,b9,2.0,18.0,0.7901234567901234,0.8,1,False,1,1,1,1
30,i14,2.0,16.0,0.765625,0.7777777777777778,1,False,1,1,1,1
31,e46,3.0,23.0,0.7561436672967864,0.7692307692307693,1,False,1,1,0,0
32,e41,3.0,20.0,0.7224999999999999,0.7391304347826086,1,False,1,1,1,1
33,b41,3.0,20.0,0.7224999999999999,0.7391304347826086,1,False,1,1,1,1
34,e19,3.0,20.0,0.7224999999999999,0.7391304347826086,1,False,1,0,1,0
35,b34,3.0,17.0,0.6782006920415224,0.7,1,False,1,1,1,0
36,b46,4.0,22.0,0.6694214876033057,0.6923076923076923,1,False,1,1,0,0
37,e40,3.0,16.0,0.66015625,0.6842105263157895,1,False,1,1,1,1
38,b55,3.0,16.0,0.66015625,0.6842105263157895,1,False,1,0,0,0
39,e34,4.0,21.0,0.655328798185941,0.68,1,False,1,1,1,1
40,b44,3.0,14.0,0.6173469387755102,0.6470588235294118,1,False,1,1,1,0
41,i60,3.0,14.0,0.6173469387755102,0.6470588235294118,1,False,1,1,0,0
42,i45,5.0,23.0,0.612476370510397,0.6428571428571429,1,False,1,0,1,0
43,e51,5.0,23.0,0.612476370510397,0.6428571428571429,1,False,1,1,1,1
44,i34,5.0,20.0,0.5625,0.6,1,False,1,1,1,1
45,b54,5.0,20.0,0.5625,0.6,1,False,1,1,0,1
46,b58,3.0,12.0,0.5625,0.6,1,False,1,0,0,0
47,b7,4.0,16.0,0.5625,0.6,1,False,1,1,0,1
48,i51,4.0,16.0,0.5625,0.6,1,False,1,1,1,1
49,b4,5.0,20.0,0.5625,0.6,1,False,1,1,1,1
50,e6,5.0,19.0,0.5429362880886428,0.5833333333333334,1,False,1,1,1,1
51,i21,11.0,3.0,7.111111111111111,0.5714285714285714,0,False,1,1,1,1
52,e45,5.0,17.0,0.49826989619377154,0.5454545454545454,1,False,1,0,1,0
53,i8,4.0,13.0,0.4792899408284023,0.5294117647058824,1,False,1,1,1,0
54,i35,5.0,16.0,0.47265625,0.5238095238095238,1,False,1,1,1,1
55,i46,5.0,16.0,0.47265625,0.5238095238095238,1,False,1,1,0,1
56,i5,5.0,16.0,0.47265625,0.5238095238095238,1,False,1,1,1,1
57,e39,5.0,15.0,0.44444444444444453,0.5,1,False,1,1,1,1
58,e35,5.0,14.0,0.4132653061224489,0.47368421052631576,1,False,1,1,0,0
59,i7,4.0,11.0,0.4049586776859504,0.4666666666666667,1,False,1,1,0,1
60,i40,6.0,16.0,0.390625,0.45454545454545453,1,False,1,1,1,1
61,b56,6.0,16.0,0.390625,0.45454545454545453,1,False,1,1,1,0
62,e17,6.0,16.0,0.390625,0.45454545454545453,1,False,1,0,0,1
63,e4,5.0,13.0,0.37869822485207105,0.4444444444444444,1,False,1,1,1,1
64,e47,5.0,13.0,0.37869822485207105,0.4444444444444444,1,False,1,0,0,0
65,i54,5.0,13.0,0.37869822485207105,0.4444444444444444,1,False,1,1,0,1
66,b60,9.0,22.0,0.34917355371900816,0.41935483870967744,1,False,1,0,0,0
67,b35,7.0,17.0,0.34602076124567477,0.4166666666666667,1,False,1,1,1,0
68,e58,7.0,17.0,0.34602076124567477,0.4166666666666667,1,False,1,1,1,1
69,e49,7.0,16.0,0.31640625,0.391304347826087,1,False,1,0,1,0
70,i11,7.0,16.0,0.31640625,0.391304347826087,1,False,1,1,1,1
71,b59,7.0,16.0,0.31640625,0.391304347826087,1,False,1,1,1,0
72,b37,6.0,13.0,0.28994082840236685,0.3684210526315789,1,False,1,0,1,0
73,b10,13.0,6.0,1.3611111111111107,0.3684210526315789,0,False,1,1,0,1
74,i36,10.0,20.0,0.25,0.3333333333333333,1,False,1,1,1,0
75,e13,7.0,14.0,0.25,0.3333333333333333,1,False,1,1,1,1
76,e56,10.0,5.0,1.0,0.3333333333333333,0,False,1,1,0,0
77,b24,10.0,19.0,0.22437673130193908,0.3103448275862069,1,False,1,0,1,1
78,b15,17.0,9.0,0.7901234567901234,0.3076923076923077,0,False,1,1,0,1
79,i52,8.0,15.0,0.2177777777777778,0.30434782608695654,1,False,1,1,1,1
80,i2,7.0,13.0,0.21301775147928997,0.3,1,False,1,1,1,1
81,i4,7.0,13.0,0.21301775147928997,0.3,1,False,1,1,1,1
82,i53,7.0,13.0,0.21301775147928997,0.3,1,False,1,0,0,0
83,e60,13.0,7.0,0.7346938775510206,0.3,0,False,1,0,1,0
84,e9,6.0,11.0,0.20661157024793392,0.29411764705882354,1,False,1,1,1,1
85,i64,5.0,9.0,0.19753086419753085,0.2857142857142857,1,False,1,1,1,0
86,b11,7.0,12.0,0.17361111111111108,0.2631578947368421,1,False,1,1,1,1
87,e25,8.0,13.0,0.14792899408284022,0.23809523809523808,1,False,1,0,0,0
88,e42,8.0,5.0,0.3600000000000001,0.23076923076923078,0,False,1,1,0,1
89,b42,10.0,16.0,0.140625,0.23076923076923078,1,False,1,1,0,1
90,e63,11.0,7.0,0.32653061224489793,0.2222222222222222,0,False,1,1,0,0
91,e8,17.0,11.0,0.29752066115702475,0.21428571428571427,0,False,1,0,0,0
92,i20,12.0,8.0,0.25,0.2,0,False,1,1,0,1
93,i3,11.0,16.0,0.09765625,0.18518518518518517,1,False,1,1,1,1
94,e14,9.0,13.0,0.09467455621301776,0.18181818181818182,1,False,1,1,1,1
95,i57,13.0,9.0,0.19753086419753085,0.18181818181818182,0,False,1,1,1,1
96,b14,12.0,17.0,0.08650519031141866,0.1724137931034483,1,False,1,1,1,1
97,i58,5.0,7.0,0.08163265306122448,0.16666666666666666,1,False,1,1,1,1
98,b64,8.0,11.0,0.07438016528925619,0.15789473684210525,1,False,1,1,0,1
99,b57,17.0,13.0,0.09467455621301776,0.13333333333333333,0,False,1,1,0,1
100,i25,13.0,10.0,0.09000000000000002,0.13043478260869565,0,False,1,0,1,0
101,e2,9.0,7.0,0.08163265306122454,0.125,0,False,1,1,1,1
102,i49,7.0,9.0,0.04938271604938271,0.125,1,False,1,1,1,1
103,e18,7.0,9.0,0.04938271604938271,0.125,1,False,1,1,1,1
104,e54,9.0,7.0,0.08163265306122454,0.125,0,False,1,1,1,1
105,i56,7.0,9.0,0.04938271604938271,0.125,1,False,1,1,0,1
106,b20,10.0,8.0,0.0625,0.1111111111111111,0,False,1,1,0,1
107,i38,8.0,10.0,0.03999999999999998,0.1111111111111111,1,False,1,1,0,1
108,i42,6.0,5.0,0.03999999999999998,0.09090909090909091,0,True,1,1,0,1
109,e11,6.0,5.0,0.03999999999999998,0.09090909090909091,0,True,1,1,1,1
110,i19,10.0,12.0,0.027777777777777766,0.09090909090909091,1,True,1,1,0,0
111,e64,8.0,9.0,0.01234567901234569,0.058823529411764705,1,True,1,1,0,0
112,b30,9.0,10.0,0.009999999999999995,0.05263157894736842,1,True,1,0,0,1
113,b2,9.0,10.0,0.009999999999999995,0.05263157894736842,1,True,1,1,1,1
114,e20,11.0,10.0,0.010000000000000018,0.047619047619047616,0,True,1,1,0,1
115,b19,13.0,12.0,0.006944444444444432,0.04,0,True,1,1,1,1
116,i10,14.0,13.0,0.0059171597633136015,0.037037037037037035,0,True,1,0,0,1
117,i59,10.0,10.0,0.0,0.0,0,True,1,1,1,1
118,e44,9.0,9.0,0.0,0.0,0,True,1,0,0,0
