kind,key,label,score,readability_percentile,reference_count,contribution,source_sha256
human,human_developers,Human developers,1,0,5,,f0321bebb4d087b5fa9479880a3b1e2cc27658ccca16dee530c839228a46749c
model,posnett,Posnett,0.6967535925577456,86.45454545454545,1100,,f0321bebb4d087b5fa9479880a3b1e2cc27658ccca16dee530c839228a46749c
model,scalabrino,Scalabrino,0.9013434648513794,92.16300940438872,957,,f0321bebb4d087b5fa9479880a3b1e2cc27658ccca16dee530c839228a46749c
model,dorn,Dorn,0.7371197585660035,76.36363636363636,1100,,f0321bebb4d087b5fa9479880a3b1e2cc27658ccca16dee530c839228a46749c
model,mi_convnet_cr,Mi ConvNetCR,0.6452668309211731,74.45454545454545,1100,,f0321bebb4d087b5fa9479880a3b1e2cc27658ccca16dee530c839228a46749c
model,deepseek_v4_pro,DS-V4-Pro,5.2,8.272727272727273,1100,,f0321bebb4d087b5fa9479880a3b1e2cc27658ccca16dee530c839228a46749c
model,ours,BTTF,0.10032753710895198,1.9090909090909092,1100,,f0321bebb4d087b5fa9479880a3b1e2cc27658ccca16dee530c839228a46749c
feature,llm__assignment_value_surprisal,,,,,-0.2528545884340845,f0321bebb4d087b5fa9479880a3b1e2cc27658ccca16dee530c839228a46749c
feature,llm__literal_tail_surprisal,,,,,-0.2399534943591959,f0321bebb4d087b5fa9479880a3b1e2cc27658ccca16dee530c839228a46749c
feature,llm__declaration_surprisal_variation,,,,,-0.07280070126887724,f0321bebb4d087b5fa9479880a3b1e2cc27658ccca16dee530c839228a46749c
feature,llm__identifier_onset_surprisal,,,,,-0.03702987961798939,f0321bebb4d087b5fa9479880a3b1e2cc27658ccca16dee530c839228a46749c
summary,intercept,Intercept,,,,0.49798474283989486,f0321bebb4d087b5fa9479880a3b1e2cc27658ccca16dee530c839228a46749c
summary,remaining,Remaining seven feature contributions,,,,0.20498145794920408,f0321bebb4d087b5fa9479880a3b1e2cc27658ccca16dee530c839228a46749c
