k,buse_value,dorn_value,jetbrains_value,mbjp_value,scalabrino_value,schnappinger_value
0,0.0,0.0,0.0,0.0,0.0,0.0
1,0.5832955777113373,0.5946039512571227,0.20567228471229387,0.3628684012830736,0.3532511362919608,0.47954153695109364
2,0.6045007212036679,0.6012340377757889,0.12772292437118174,0.2786532091764217,0.3523153266140867,0.487779855159747
3,0.645691311772314,0.6103250322115723,0.23653831157350966,0.590744803454014,0.3975787613150459,0.6181314872773089
4,0.6582813261972876,0.6205239317139735,0.23075813963434041,0.5374910790336312,0.4526253309878061,0.6064821215885597
5,0.6602976488125359,0.6179034115117135,0.20446067222902556,0.46318355658658544,0.4701119052396838,0.6072835556426951
6,0.6578792618662709,0.5916237490093029,0.25465877665452835,0.6217062711402831,0.485692342219197,0.6063250405139492
7,0.6460633713025086,0.5877942426745678,0.25811690786397595,0.564737170597548,0.5026582412129948,0.6040952796098961
8,0.6562830064625323,0.5911011490384579,0.213285851566833,0.6563831149489046,0.5032931194136839,0.599920556638761
9,0.6492978888311361,0.5996040476925302,0.19559987876959664,0.6563831149489046,0.5128944312794889,0.6047315113230665
10,0.6316490649875482,0.6052423007028164,0.2136135014857508,0.6316139407998892,0.5059242951045868,0.6139063929503216
11,0.6584853588428782,0.603205890171198,0.22395584240463406,0.6836292065128213,0.4803518519819216,0.6107848607384014
12,0.6580892954720258,0.6040186539577359,0.22206117113437035,0.6836292065128213,0.4821062195542399,0.6117322626482633
13,0.6657405196816737,0.60485880994151,0.2308721048235292,0.6786753716830182,0.47166641766243605,0.6117215768608747
14,0.6659265494467711,0.6152480402040498,0.2790152744314715,0.7046830045394843,0.4738535542804311,0.6124062567216757
15,0.6730736930026069,0.6145191643476112,0.30170146990436636,0.6984907110022304,0.474130045615169,0.6147482192807853
16,0.6822311582135268,0.6185577775744554,0.32323732924888676,0.7232598851512457,0.4776215000513844,0.6243339450467511
17,0.6787986089994729,0.6191395632808144,0.3199964441813304,0.7071599219543858,0.47202931253927966,0.6237571263051164
18,0.6701872311635161,0.6221694239985288,0.3181730011543096,0.6836292065128213,0.47025991826398655,0.6249520109233008
19,0.6655724927970696,0.6282660211882068,0.2955544725124956,0.6749599955606659,0.47726912386662323,0.6260368987937137
20,0.6679728768628417,0.6128703203228316,0.2979370572489739,0.6935368761724274,0.49516066776367423,0.6264613382687838
21,0.6685249651979692,0.6066191512752307,0.2971891606949224,0.6662907846085107,0.4988114052514234,0.6225847483199943
22,0.663232118332942,0.6026771180551804,0.3004870283570732,0.6662907846085107,0.49977987625815495,0.6183490498853059
23,0.6796927520639728,0.5865226496877867,0.2991942357422128,0.6675292433159614,0.5035440653533645,0.6208698268610682
24,0.6737698043816808,0.5987497323472997,0.3251818602894206,0.6935368761724274,0.4937428983379935,0.6193200265570687
25,0.6664246291404187,0.5992678693944843,0.3220015192286208,0.6675292433159614,0.4958564041114116,0.6190996856211185
26,0.6790986570076943,0.5935845657146053,0.363467041032532,0.6761984542681168,0.47141922839849915,0.6175953404725695
27,0.6687710045647107,0.5920134363263067,0.3661381001541444,0.6761984542681168,0.48878183235083406,0.6220531708301056
28,0.6687289978435599,0.5913854732581998,0.36372702412036895,0.6761984542681168,0.4891687699524374,0.621199803940388
29,0.6621399435830159,0.5905307850438565,0.3638694806068549,0.6761984542681168,0.4877938266302352,0.6194439155442147
30,0.6627820463206099,0.5975015223249679,0.3675234894852208,0.6761984542681168,0.4778160958549092,0.6224567325870805
31,0.6766382633402781,0.6071759629585689,0.37922985126220743,0.6761984542681168,0.4820438587368941,0.6188737219900535
32,0.675630102032654,0.6055503057383154,0.38884566410001214,0.6811522890979198,0.4858110531726986,0.6206149153719102
33,0.6697071543503619,0.6037152845472864,0.38478565423516126,0.6811522890979198,0.4858576359519208,0.6189853322731291
34,0.6702592426854894,0.6032404861565596,0.3824351222081423,0.6811522890979198,0.4843932837470179,0.6189990100853681
35,0.657045128403415,0.6210611152464244,0.4038677005999604,0.6489523627041999,0.4851183221655563,0.6170578453669293
36,0.6601896315295763,0.6262076534415224,0.39812670419457485,0.6885830413426243,0.495129111687427,0.611393309472301
37,0.6617918878934791,0.6273480962466059,0.3969870523026869,0.6885830413426243,0.496328242584823,0.6113563366479369
38,0.6585933761258378,0.6236702067808206,0.40101500945807833,0.6885830413426243,0.49741317053961,0.6116369454247582
39,0.6574531936945962,0.6226385612934076,0.3905622647621685,0.6724830781457644,0.4960562592609776,0.6137074235891483
40,0.6582393194761366,0.6203229531350478,0.39610382208647366,0.6724830781457644,0.4987903678672585,0.6183721972157114
41,0.6555568902826364,0.6199260872694087,0.3988781621607884,0.6724830781457644,0.4989256081940325,0.6185515047280898
42,0.6557609229282272,0.6164038062603386,0.3875030117148816,0.7046830045394843,0.5048558965230723,0.6183358655385905
43,0.6471675479727637,0.6173029916564984,0.38384900283651585,0.6947753348798782,0.4987122290117891,0.6224370707382857
44,0.6406925119553439,0.6172900028514337,0.3887245760864991,0.6947753348798782,0.4992930110817685,0.6233502781285044
45,0.6352016334048908,0.6172344467743254,0.3868370276405596,0.6947753348798782,0.4989466455781974,0.6240792625441459
46,0.6325192042113905,0.6132700319849355,0.3794506588162608,0.7046830045394843,0.4964559695601096,0.6255107306227055
47,0.6302028335879206,0.6125475457784675,0.3826060699919256,0.7046830045394843,0.4966415493418495,0.6253040674946124
48,0.6288646194712528,0.6120276077697898,0.37297957291763434,0.7046830045394843,0.49294798575062193,0.6256628962351173
49,0.6346915517909142,0.6090031452201784,0.37041179474872427,0.7046830045394843,0.4843249122484822,0.6285341673063994
50,0.6411005772465251,0.6063010879606374,0.37016605730953595,0.7046830045394843,0.48685841437004834,0.626650262989812
51,0.63999640057627,0.6063516285585623,0.3649379042554999,0.6823907478053705,0.48765257562227116,0.6266541098732719
52,0.6392462805557162,0.606239487588103,0.3633851285528025,0.6823907478053705,0.4878306420525236,0.6266985627488079
53,0.6388082104637129,0.6028338486205543,0.3679935958906245,0.6885830413426243,0.4859641321166078,0.6299724742888876
54,0.6403324543454781,0.603056330133048,0.3675377351338693,0.6885830413426243,0.48558019971162114,0.6298365510733063
55,0.6610057621119387,0.5954549812416651,0.33902506936369725,0.6910599587575259,0.48867419901442966,0.6294227973856246
56,0.6575192042564049,0.5954571674782897,0.34138984703936476,0.653906197534003,0.4877252623657052,0.6260448062763813
57,0.6581793098744924,0.5946752663796463,0.34151449646504006,0.6316139407998892,0.4873758913905216,0.6258734062466702
58,0.6626860309579791,0.5944578001365861,0.3392138242082912,0.6625754084861583,0.49128584097085565,0.6249341255352237
59,0.6677328384562644,0.5936617528009608,0.33764680285694526,0.6402831517520446,0.49788331738609637,0.6255060288762545
60,0.6652364390278617,0.5924316731942957,0.33391444291101213,0.6489523627041999,0.4969862228820766,0.6248924509644085
61,0.6469395114865154,0.5949439162801505,0.3297832048029183,0.653906197534003,0.49353007990176606,0.621320833387686
62,0.6410825743660319,0.5963036947237871,0.3406383890731512,0.653906197534003,0.49501321604157755,0.620619204587759
63,0.6370559300956995,0.5958694056673182,0.3396554393163978,0.6489523627041999,0.4943926129759827,0.6198500416115369
64,0.6352196362853839,0.5940350263065027,0.3350540948029001,0.6229447298477339,0.4951462024127765,0.6189810733811064
65,0.6377520414747734,0.5935383652653172,0.3386404368501851,0.63285239950734,0.4948772243286567,0.6226901101836446
66,0.6385681720571358,0.5916340263999951,0.3364822210799222,0.63285239950734,0.4976849648324438,0.6222821268211529
67,0.6502580424574449,0.5902318047414351,0.3388505601677519,0.611798601480677,0.4916810434072998,0.6227097720324394
68,0.6542606828871197,0.5934880112903905,0.33278547525561064,0.6142755188955785,0.4887628565952289,0.6248992898683371
69,0.6516502652155927,0.5961871812842962,0.33630058905965254,0.6068447666508741,0.4882947746220259,0.6253468106441663
70,0.650246040537116,0.5963938447470578,0.33355830169479717,0.6068447666508741,0.48420750988009337,0.6255455662895918
71,0.6453972647242567,0.5919182368870536,0.33434893519479447,0.5981755556987186,0.48482510760396635,0.6272961119795711
72,0.6468674999645422,0.5924030665414475,0.3321835966002073,0.5981755556987186,0.48183253858427566,0.6268329899541548
73,0.6469275095661864,0.5930714112931411,0.33044918887724034,0.5981755556987186,0.4880663686511532,0.6273572346834332
74,0.6430628912202937,0.5924951455951731,0.3301001704853497,0.5882678860391125,0.4898109695207796,0.6270697870026833
75,0.654740759700274,0.5938279067844225,0.3279526389515732,0.5139603635920668,0.4952814427902669,0.6277613711624651
76,0.6541706684846532,0.5933933021750901,0.3291172207285963,0.49290656556540374,0.49684271781485073,0.627806037753749
77,0.6571771495270324,0.5947737163687941,0.32996483682318795,0.5090065287622637,0.4922242589235531,0.6243987675870611
78,0.6543386953692573,0.5891721229893263,0.34257935870152284,0.5436833725708851,0.49320024364777554,0.6206749843979269
79,0.6544947203335323,0.5884064257621352,0.3426114114109822,0.5436833725708851,0.4941965144286216,0.6207574786765658
80,0.6613298139608179,0.5912541918687729,0.3431100091136832,0.5436833725708851,0.4939688597931794,0.6217277481714389
81,0.656277005502368,0.588344439523723,0.34499755755962264,0.5350141616187297,0.49939575560769756,0.6208320654725373
82,0.6565110429487808,0.5881343036034626,0.34523617217448666,0.5350141616187297,0.49989689633984263,0.6207125983695342
83,0.6599255892823414,0.5879534889744013,0.3416035317690938,0.5350141616187297,0.5000914922163427,0.6233893881103462
84,0.6591694683016232,0.6007951206335235,0.3401077386609908,0.559783335767745,0.5078813379597906,0.6195657996670035
85,0.6590794538991567,0.5999139395216119,0.3395058600055875,0.5511141248155896,0.5051074075503761,0.6204071985659718
86,0.6560549699762841,0.6115598747520367,0.3260081079110394,0.5511141248155896,0.5040760154370204,0.618974168380779
87,0.6472095546939146,0.60933879051416,0.3311970854312918,0.5511141248155896,0.507006226912554,0.619105817267347
88,0.6462734049082636,0.6085889125574082,0.332984914336691,0.5350141616187297,0.5051782257535865,0.6193396222704401
89,0.6467294778807603,0.6121221224671659,0.3198539876948444,0.517675739714419,0.5065847272618427,0.6194278868648437
90,0.6510501691991498,0.6111982460752426,0.3188425466407938,0.517675739714419,0.5004425532073586,0.6189183885765677
91,0.6473475767776965,0.6089207055823472,0.31115345778271214,0.5090065287622637,0.5031668985433292,0.6189919067859497
92,0.6495739329986999,0.6091336704076569,0.3152953801272925,0.5350141616187297,0.5021931667299211,0.6190534569147348
93,0.6505280856648443,0.6103366130259824,0.3277211471610335,0.5399679964485328,0.5031293317295402,0.6198130026012001
94,0.6502580424574449,0.6116713726406499,0.3278030596407629,0.5300603267889267,0.49750257436024,0.6269359339979935
95,0.6507981288722438,0.6118188790746053,0.32736144453265636,0.5300603267889267,0.49256479235582784,0.6272357771600956
96,0.6499639954093879,0.6123457612541305,0.3279099020056274,0.5300603267889267,0.49248515071059534,0.6263798456816787
97,0.6676488250139623,0.6146747519623743,0.3278422351745466,0.5015757765175591,0.49051063897785113,0.6323856849841688
98,0.666916707873902,0.6130601534714154,0.3288857289380565,0.5189141984218698,0.48748651046784525,0.6333029528756459
99,0.6664126272200899,0.6119455596744309,0.32940213370156823,0.49290656556540374,0.48807839001804126,0.6335579157355087
100,0.6629860789662005,0.6084658459374046,0.3369095905393802,0.5511141248155896,0.4949268124670698,0.635186215843888
101,0.6555868950834586,0.6114653596931293,0.34055647659342175,0.5820755925018587,0.5006076596570977,0.6352427046288814
102,0.6545787337758343,0.6108448548967234,0.34610871815421346,0.5820755925018587,0.498898371552705,0.6366322844208782
103,0.6515782536936195,0.6116918278685637,0.3448693467217852,0.5820755925018587,0.5025154875347334,0.6366952625777461
104,0.6501680280549786,0.613940216642075,0.34240841091773966,0.5511141248155896,0.5010163861312911,0.6360048149854272
105,0.6493879032336026,0.614480731010363,0.343722572005573,0.5511141248155896,0.49952423396631346,0.6361029105136533
106,0.647605618064767,0.6141308048632986,0.3455709449177288,0.5511141248155896,0.5000253746984585,0.6355393420867853
107,0.6491538657871899,0.6134166777428837,0.3408770036880152,0.5511141248155896,0.49934767014014547,0.6357447229203917
108,0.6507441202307637,0.6147468086282523,0.34112274112720353,0.5511141248155896,0.4949320718150833,0.6358697466328369
109,0.6492198763489987,0.6148532911162234,0.34204870828936257,0.5511141248155896,0.4898102181853492,0.6353132308256453
110,0.6523823823556532,0.6166399592386662,0.3417709181407148,0.5511141248155896,0.4899875333469477,0.6357955872683608
111,0.6523763813954886,0.6176498710478898,0.34098740746504186,0.5511141248155896,0.4867936064318823,0.6355410518127675
112,0.6519923199449652,0.6174096424397617,0.34019321255288243,0.5511141248155896,0.48727521244283434,0.6353440058933241
113,0.6499279896484014,0.6153984252562519,0.3377037854515397,0.5511141248155896,0.48694612752427435,0.6351672629699189
114,0.6483017294438409,0.6151967773893692,0.3369095905393802,0.5511141248155896,0.48533225901955535,0.635427568750702
115,0.6464114269920455,0.6161928885181038,0.3340106010393902,0.5511141248155896,0.4828851595224093,0.6355652016922655
116,0.6451452243973508,0.6156864936375127,0.33328407295831164,0.5511141248155896,0.48466657582813033,0.6356062351158371
117,0.642426789442864,0.6161291415697893,0.33585185112722166,0.5511141248155896,0.48080020370276544,0.6358511533627809
118,0.6457333184934648,0.6193194714922797,0.3343524966069566,0.5560679596453927,0.4769360855836921,0.6341964983216535
119,0.6450192042338978,0.6205255191341741,0.33635401024208483,0.5511141248155896,0.47403442815109215,0.6360256912114839
120,0.6440950563685756,0.6198491704917634,0.33427770695155146,0.5511141248155896,0.47348389738724883,0.6376743624070019
121,0.6478696603120019,0.6197840091570365,0.33614744833668014,0.5511141248155896,0.4684807566317597,0.6378370000910545
122,0.6487337985756798,0.619699389070041,0.3329101246812859,0.5511141248155896,0.4664671784331247,0.6394667280988724
123,0.6444551139784415,0.6201900942549856,0.3392708068028856,0.5511141248155896,0.45695151877427653,0.6397721961871065
124,0.6442570822930151,0.6212123647769013,0.33672439710694846,0.5511141248155896,0.4580011339770725,0.6393986210600056
125,0.6445811341418944,0.621102795847049,0.33804568101910604,0.5511141248155896,0.4577749820973004,0.63748671048447
126,0.6437349987587098,0.6201885640133391,0.3360975885664101,0.538729537741082,0.4576848218794511,0.6380308402742814
127,0.6441790698108777,0.6208050821468044,0.33358679299209437,0.538729537741082,0.457294127602104,0.637875673270015
128,0.6434709565114749,0.6210725743699184,0.33504697197857586,0.5511141248155896,0.45499729605239225,0.6380714183405186
129,0.6436989929977233,0.6203298976446863,0.33693452042451527,0.5511141248155896,0.4536756975257508,0.6379852908113943
130,0.6416286617409951,0.6214672540010416,0.3363504488299227,0.533775702911279,0.45286726090570184,0.6365335183415641
131,0.6422527615980957,0.6203966420984345,0.3357378859380329,0.533775702911279,0.4528304454834133,0.6366281945088149
132,0.6429428720170051,0.6205229292922314,0.33496505949884636,0.533775702911279,0.45247356128775973,0.6361513942173104
133,0.6398703804128171,0.6208449487762109,0.3352855865934399,0.533775702911279,0.4519280919697713,0.6363189475245894
134,0.6420727327931628,0.6207195484734639,0.33496505949884636,0.533775702911279,0.4545036688596672,0.6354168524862922
135,0.6409805580432365,0.6213450683468373,0.3313181734448049,0.533775702911279,0.45388381736195305,0.6349319309885675
136,0.6375000011478673,0.6231120591075591,0.33279615949209707,0.533775702911279,0.451734998836544,0.6344944544324446
137,0.6374759973072096,0.6240602412675884,0.33310600235020416,0.533775702911279,0.4508807307724216,0.633955676514523
138,0.6369839185737264,0.6242917247733598,0.3325183693434494,0.533775702911279,0.4508980114808427,0.633474623466317
139,0.6383101307700654,0.6241231276199897,0.3324649481610172,0.533775702911279,0.4513593312621718,0.6325992434830243
140,0.6383101307700654,0.6240911057350246,0.3317170516069657,0.533775702911279,0.4510790832516901,0.6325216424688054
141,0.6387121951010821,0.6235406893990791,0.3319663504583162,0.5213911158367713,0.45373505300250166,0.6330982481104366
142,0.6386881912604245,0.6232182843163186,0.3318025254988573,0.5213911158367713,0.4544420593774702,0.6330501620209752
143,0.6379860789211861,0.6233053478348782,0.33159240218129044,0.5213911158367713,0.4543804498952731,0.63278622281882
144,0.6386641874197666,0.6230850526985524,0.32854027195832797,0.5213911158367713,0.45636998536914836,0.6339637977207432
145,0.6380940962041458,0.6235143259998108,0.3276677259786013,0.5213911158367713,0.45626254444287784,0.6339409659136934
